candidate,published_at,company_code,views,comment,title
회사로,2020-03-31 23:42:00,053980,2714,19,FDA에서 회사로 통보받음
회사로,2024-01-31 23:46:00,028300,469,13,■■ jase 글은 회사로 보냈습니다
회사로,2024-11-30 23:39:00,047820,3256,0,이 회사로 인해
회사로,2020-03-31 23:51:00,053980,1039,2,FDA에서 회사로 통보받음
회사로,2026-01-31 23:19:00,348340,1187,1,야들아 뉴로 자체회사만으로도  로봇회사로써는  좋은회사다
회사로,2021-05-31 23:12:00,078890,449,3,"가온미디어는 AI/OTT 단말, 네트워크 HW/SW 및 솔루션, 모바일 플랫폼 솔루션 개발 및 글로벌 수출하는 회사로서"
회사로,2024-02-29 23:11:00,016790,292,5,[공지] 사료회사로 돌아간다캤제?
회사로,2021-05-31 22:47:00,043610,1077,0,"지니뮤직은 KT의 자회사로, 음악 서비스 사업과 음악 콘텐츠 투자/유통을 전문으로 하는 회사이다."
회사로,2021-02-28 23:04:00,054300,289,2,팬스타는 부지를 활용해 거대 항만회사로거듭난다
회사로,2020-02-29 23:32:00,289080,245,0,여긴 좋은 회사가 아니라 투자회사로
고대,2020-07-31 23:04:00,019170,1015,10,고대 안산병원 임상시험중. 효과 확인 간호사
고대,2020-07-31 23:11:00,019170,1042,5,고대 안산병원 기사뜨면 문닫고 10연상
고대,2020-07-31 23:44:00,019170,726,4,"고대,질본,신풍이 미쳤냐?-----"
고대,2020-07-31 23:08:00,019170,848,3,고대 안산병원 임상 투약중
고대,2023-02-28 23:23:00,900140,663,1,문어발 라오스 삼성 엘브이 실권주 청약 물건너갔다.  내가 일주일전부터 그랬지 실권주로 엘브이 주식 받을 생각을 접어라.. 내말대로 고대로 됐다
고대,2025-12-31 20:22:00,440110,204,4,고대로 상장 폐지 하면 될 듯
고대,2020-12-31 22:04:00,195990,306,2,에이비주주님들새해복많이받고대박나요ㅎㅎ
고대,2023-06-30 22:53:00,005380,622,0,"출고대기 기간이 줄었다는데,"
고대,2021-01-31 23:35:00,019170,195,1,아니 누가사려고대기함
고대,2024-04-30 23:44:00,251270,178,0,레이븐2 차승원은 왜 ? 광고대행사 누구꺼냐
최고수혜,2023-03-31 23:30:00,003670,1383,6,☆IRA 최고수혜 : 앨엔에프
최고수혜,2023-03-31 23:32:00,247540,507,8,☆ IRA 최고수혜 : 엘앤에프 이유
최고수혜,2023-03-31 23:59:00,101670,692,5,☆IRA 최고수혜 : 엘앤에프
최고수혜,2021-08-31 23:13:00,000270,701,3,애플카협업 최고수혜 뉴인텍!!
최고수혜,2023-02-28 22:52:00,065370,468,1, 챗gpt 최고수혜업종은 AI빅데이터와클라우드업체입니다
최고수혜,2023-03-31 23:13:00,086520,112,1,☆IRA 엘엔에프가 최고수혜인이유
실리네,2020-10-31 21:48:00,068270,1190,4,●램시마 코로나 영국임상 결과 논문 실리네
실리네,2020-10-31 22:01:00,068270,1315,3,●램시마 코로나 영국임상 결과 논문 실리네
실리네,2020-10-31 23:19:00,068270,1604,2,●램시마 코로나 영국임상 결과 논문 실리네!!!
실리네,2020-10-31 21:28:00,068270,1140,2,●램시마 코로나 영국임상 결과 논문 실리네
실리네,2021-01-31 23:12:00,007860,238,0,민심이 윤석열 원전조사에 힘이 실리네요.
주인된,2020-04-30 22:58:00,083310,1109,3,[2020총선] 주사파·사노맹戰士가 주인된 정치집단이 주인된..주사파·사노맹戰士의 꼭두각시? 이런 자도 국회의원?..김남국..
주인된,2020-05-31 21:57:00,078600,572,4,[2020총선] 주사파·사노맹戰士가 주인된 정치집단이 주인된..주사파·사노맹戰士의 꼭두각시? 이런 자도 국회의원?..김남국..
한미협상,2025-10-31 21:44:00,103590,1884,26,이번 한미협상 실체 팩트 & 1억이상 돈 되는 정보(주식으로 돈 버는 기간이  제한되어 있다. & 전체시황.
한미협상,2026-01-31 23:59:00,034020,3600,5,김정관 산자부 장관 한미협상 내용 중에서 발취~
한미협상,2025-10-31 23:11:00,141080,1108,9,이번 한미협상 실체 팩트 & 1억이상 돈 되는 정보(주식으로 돈 버는 기간은 제한되어 있다. & 전체시황.)
1억이상,2025-10-31 21:44:00,103590,1884,26,이번 한미협상 실체 팩트 & 1억이상 돈 되는 정보(주식으로 돈 버는 기간이  제한되어 있다. & 전체시황.
1억이상,2025-10-31 23:11:00,141080,1108,9,이번 한미협상 실체 팩트 & 1억이상 돈 되는 정보(주식으로 돈 버는 기간은 제한되어 있다. & 전체시황.)
1억이상,2024-07-31 23:42:00,033780,826,5,금투세 1억이상 이랍니다.
디딤돌,2021-12-31 23:43:00,019170,1491,14,"[디딤돌] 성공의 밑거름, 준비..."
디딤돌,2022-05-31 21:51:00,019170,1305,9,[디딤돌] 주주님들...오늘 대응 잘하셨는지요...?
디딤돌,2022-03-31 23:06:00,019170,641,7,[디딤돌] 롱코비드...변이...백신 부작용...
디딤돌,2025-09-30 22:10:00,019170,60,1,디딤돌이 나대지말아야 주가 상승한다
메세지,2021-07-31 20:55:00,048410,1570,8,★★ 춘 3월부터 주의/경고성 메세지~~~~ 1
메세지,2023-12-31 23:50:00,065350,899,4,김현탁이 사과 메세지 보낸거 맞나요??
메세지,2023-02-28 22:42:00,214870,759,3,박대우 메세지 올라 왔네요
메세지,2025-02-28 22:51:00,247540,265,2,뭐야 세력의 숨겨진 메세지인가? 개 소름 돋네
메세지,2024-07-31 23:09:00,352820,67,1,메세지가 사실이면 메신저를 공격해라!
메세지,2021-02-28 23:12:00,057880,135,0,[삭제된 게시물의 답글]메세지가 삭제되었습니다
안산병원,2020-07-31 23:04:00,019170,1015,10,고대 안산병원 임상시험중. 효과 확인 간호사
안산병원,2020-07-31 23:11:00,019170,1042,5,고대 안산병원 기사뜨면 문닫고 10연상
안산병원,2020-07-31 23:08:00,019170,848,3,고대 안산병원 임상 투약중
염승환,2023-08-31 23:42:00,352820,719,12,염승환 이사님이 엔터주는 먹을게 없대요
염승환,2023-08-31 23:40:00,035900,726,9,염승환 이사님이 엔터주는 먹을 게 없대요.
염승환,2023-08-31 23:44:00,041510,1330,4,염승환 이사님이 엔터주는 먹을 게 없대요
염승환,2022-12-31 21:22:00,034220,371,2,새해에 바라볼 업종(이베스트 염승환이사)
염승환,2021-11-30 23:51:00,046890,334,0,염승환추전으로 2만원때에 매수했는데....
이사님이,2023-08-31 23:42:00,352820,719,12,염승환 이사님이 엔터주는 먹을게 없대요
이사님이,2023-08-31 23:40:00,035900,726,9,염승환 이사님이 엔터주는 먹을 게 없대요.
이사님이,2023-08-31 23:44:00,041510,1330,4,염승환 이사님이 엔터주는 먹을 게 없대요
이사님이,2023-10-31 23:40:00,042700,233,3,박이사님이 맞았다
엔터주는,2023-08-31 23:42:00,352820,719,12,염승환 이사님이 엔터주는 먹을게 없대요
엔터주는,2023-08-31 23:40:00,035900,726,9,염승환 이사님이 엔터주는 먹을 게 없대요.
엔터주는,2023-08-31 23:44:00,041510,1330,4,염승환 이사님이 엔터주는 먹을 게 없대요
없대요,2023-08-31 23:42:00,352820,719,12,염승환 이사님이 엔터주는 먹을게 없대요
없대요,2023-08-31 23:40:00,035900,726,9,염승환 이사님이 엔터주는 먹을 게 없대요.
없대요,2023-08-31 23:44:00,041510,1330,4,염승환 이사님이 엔터주는 먹을 게 없대요
지극히,2020-11-30 22:58:00,038460,1167,7,■ 이건 지극히 개인적인 생각인데
지극히,2023-08-31 23:23:00,022100,478,15,40대 지극히  평범한  주부에요.
지극히,2024-02-29 22:44:00,066790,681,4,LK-99 특허권 합의에 대한 지극히 개인적인 생각.
정신건강의학과,2020-04-30 22:36:00,019590,1219,6,"2020. 4월 중순 현재 이 분들 보면 弔國子女가 오버랩? [이낙연 아들, 38세, 정신건강의학과 교수]☞..[김남국, 39세, 변호사]☞.."
정신건강의학과,2020-04-30 23:14:00,061970,1062,4,"이 사람(이낙연 아들, 정신건강의학과 교수, 식품학과? → 부산의전원?) 보니 역대최대최고비리 弔國(사노맹戰士) 딸이 오버랩.."
정신건강의학과,2020-05-31 23:40:00,005710,561,6,"이낙연 아들(38, 정신건강의학과)..""코로나19는 코로 나온다""..등등..이 사람에게는 ""코로나19""는 말장난개그라고라~"
000일,2021-08-31 23:17:00,064550,1731,23,♤ 261일차 ♤ 株價 100만원 祈願 1000일 祈禱
000일,2021-12-31 21:30:00,064550,1329,22,♤ 383일차 ♤ 株價 100만원 祈願   1000일 祈禱
000일,2022-01-31 21:29:00,064550,968,18,♤ 414일차 ♤ 株價 100만원 祈願   1000일 祈禱
000일,2021-07-31 21:24:00,064550,1294,12,♤ 230일차 ♤ 株價 100만원 祈願 1000일 祈禱
000일,2022-05-31 21:32:00,064550,637,12,"♤ 534일차 ♤ 株價 100만원 祈願  1,000일 祈禱"
000일,2022-12-31 21:29:00,064550,546,11,♤ 748일차 ♤ 株價 100만원 祈願 1000일 祈禱
000일,2022-07-31 21:30:00,064550,562,9,"♤ 595일차 ♤ 株價 100만원 祈願  1,000일 祈禱"
000일,2022-04-30 21:48:00,064550,542,6,"♤ 503일차 ♤ 株價 100만원 祈願  1,000일 祈禱"
000일,2021-07-31 22:43:00,095500,243,0,D~1000일
시작가,2020-04-30 23:02:00,520009,759,8,우리 시작가 어떻게되나?
시작가,2022-06-30 22:57:00,366030,672,7,7월18일 시작가
시작가,2023-05-31 22:45:00,281740,526,4,낼 시작가 15400~15500원
시작가,2021-11-30 23:09:00,197140,135,0,내일 장시작가가 얼마일까요 ㅜㅜㅜㅜ
아니구,2020-03-31 23:04:00,096530,888,6,Lg도 아니구 왜그러셔요 천대표님
아니구,2025-01-31 21:35:00,028300,612,7,보완완료? 15일만에? 보완계획 아니구?
아니구,2024-02-29 22:40:00,294140,1291,1,80% 90%감자도 아니구 50%감자에
아니구,2020-10-31 22:30:00,323990,324,4,꼴랑 8명 간암완전관해 별것두 아니구만
아니구,2024-01-31 23:08:00,065350,285,2,새삼 내려가는 테마주는 붙잡는 게 아니구나.
아니구,2025-11-30 21:38:00,066790,165,2,연대측 아니구나 이제 연대도 아니네
아니구,2020-12-31 23:21:00,036570,441,0,cddf형님 말하는거보니 정상 인이아니구나
아니구,2024-05-31 22:42:00,189300,128,0,별거아니구만ㅋㅋ
g20서,2021-10-31 21:55:00,052690,967,5,"[속보] 文, G20서 ""한국 2050년까지 석탄발전 전면 폐기"""
g20서,2021-10-31 21:51:00,130660,779,4,"[속보] 文, G20서 ""한국 2050년까지 석탄발전 전면 폐기"""
g20서,2021-10-31 21:56:00,034020,1482,1,"[속보] 文, G20서 ""한국 2050년까지 석탄발전 전면 폐기"""
석탄발전,2021-10-31 21:55:00,052690,967,5,"[속보] 文, G20서 ""한국 2050년까지 석탄발전 전면 폐기"""
석탄발전,2021-10-31 21:51:00,130660,779,4,"[속보] 文, G20서 ""한국 2050년까지 석탄발전 전면 폐기"""
석탄발전,2021-10-31 23:51:00,052690,625,4,석탄발전소 2기 해체
석탄발전,2021-10-31 22:02:00,034020,991,2,석탄발전소 폐기라는말은
석탄발전,2021-10-31 21:56:00,034020,1482,1,"[속보] 文, G20서 ""한국 2050년까지 석탄발전 전면 폐기"""
확인해라,2021-08-31 23:03:00,383310,1086,4,형 차트매스터다 그 전글 확인해라ㅋㅋ
확인해라,2020-01-31 22:45:00,065950,947,3,시외거래하려면 공시정보 확인해라
확인해라,2024-03-31 22:40:00,215360,409,6,샤오미 제조업체 장성기차란다. 히터 매출기껏해바야 확인해라 몃억도 아니고 몃천이란다 ㅋ
확인해라,2024-03-31 23:05:00,008930,255,0,잠이나 자라 주가는 내일9시에확인해라
신종코로나,2020-01-31 22:45:00,012690,856,5,"한국거래소, '신종코로나' 관련株 집중 모니터링 "
신종코로나,2020-01-31 22:44:00,045060,695,3,"한국거래소, '신종코로나' 관련株 집중 모니터링 "
신종코로나,2020-01-31 22:46:00,011000,869,2,"한국거래소, '신종코로나' 관련株 집중 모니터링 "
신종코로나,2020-01-31 22:41:00,001360,628,3," 신종코로나보다 치명적""···美는 독감 전쟁, 8200명 숨졌다 "
신종코로나,2020-01-31 23:33:00,068270,1004,0,[주식브리핑]코스닥680코스피2250고점제시+시간외급락한신종코로나관련종목담주월요일매도대응가격제시
신종코로나,2020-01-31 22:52:00,000660,977,0,[주식브리핑]코스닥680코스피2250고점제시+시간외급락한신종코로나관련종목담주월요일매도대응가격제시
신종코로나,2020-01-31 22:38:00,005930,584,0,[주식브리핑]코스닥680코스피2250고점제시+시간외급락한신종코로나관련종목담주월요일매도대응가격제시
나오는군요,2020-02-29 23:17:00,019170,1129,3,"아비간 수입 긴급 검토중 ~연합,YTN등 티비 뉴우스에 계속 나오는군요"
나오는군요,2021-12-31 20:58:00,136510,603,5,헐 인수철회..나오는군요...
나오는군요,2020-05-31 22:02:00,136510,551,4,EV-Z(제타)가 나오는군요
정말정말,2021-12-31 21:15:00,074610,870,4,특보)))))  뉴스가 정말정말 정말정말 정말정말 사실이라면~
말까,2021-04-30 23:03:00,011200,1271,17,연말까지 못볼 가격
말까,2020-07-31 23:35:00,000270,3367,5,내년 말까지 얼마 예상하십니까?
말까,2021-04-30 22:26:00,205470,1034,6,5월 말까지 5만원갈까요?
말까,2022-09-30 23:50:00,393890,896,3,살까 말까 살까 말까 하다가
말까,2020-01-31 23:58:00,065950,640,4,"ㅈ ㅓ,. . 오늘 팔까 말까 하다가 꼭,쥐고 있었습니다."
말까,2021-08-31 23:52:00,112040,788,3,주말까지
말까,2022-04-30 21:17:00,252670,615,4,곱버스 올연말까지 얼마까지 갈까
말까,2021-12-31 22:02:00,108490,1104,1,1월말까지 6만원
말까,2021-07-31 23:52:00,001550,629,2,뉴스에  남북 정상 회담 말까지 나오네 ㄷ
말까,2022-05-31 22:28:00,001440,843,1,연말까지
좃됐네요,2021-01-31 23:13:00,009830,1856,9,올해 주식 매수한 사람들은 다 좃됐네요
좃됐네요,2021-01-31 23:29:00,005935,1386,8,올해 주식 매수한 사람들은 다 좃됐네요
좃됐네요,2021-01-31 22:56:00,000270,1395,6,올해 주식 매수한 사람들은 다 좃됐네요
좃됐네요,2021-01-31 22:46:00,012330,1377,4,올해 주식 매수한 사람들은 다 좃됐네요
좃됐네요,2021-01-31 23:05:00,000660,1519,3,올해 주식 매수한 사람들은 다 좃됐네요
좃됐네요,2021-01-31 22:48:00,051910,1430,3,올해 주식 매수한 사람들은 다 좃됐네요
좃됐네요,2021-01-31 22:54:00,005380,1123,4,올해 주식 매수한 사람들은 다 좃됐네요
좃됐네요,2021-01-31 23:03:00,066570,1225,3,올해 주식 매수한 사람들은 다 좃됐네요
좃됐네요,2021-01-31 23:06:00,006400,879,3,올해 주식 매수한 사람들은 다 좃됐네요
좃됐네요,2021-01-31 23:27:00,005385,787,3,올해 주식 매수한 사람들은 다 좃됐네요
간호사,2020-07-31 23:04:00,019170,1015,10,고대 안산병원 임상시험중. 효과 확인 간호사
간호사,2022-04-30 23:07:00,048410,506,15,간호사 희망회로 다돌렸나?^^
간호사,2020-07-31 23:27:00,019170,729,5,여친 간호사.병원 의사 간호사 전부 신풍주주
간호사,2022-05-31 21:43:00,048410,1080,3,간호사입니다
간호사,2022-04-30 22:03:00,048410,787,4,임상 연구 간호사 CRC
간호사,2024-08-31 22:03:00,200670,306,1,간호법 이 후 간호사가 보톡스 필러 시술 하게 되면
간호사,2023-09-30 21:33:00,005930,333,0,주사 실수로 환자사망’ 재판받던 간호사극단선택
김총리,2021-12-31 20:24:00,019170,1076,13,"김총리 ""경구용 치료제 확보, 곧 좋은 소식"""
김총리,2021-12-31 21:32:00,019170,979,8,"김총리 ""경구용 치료제 확보, 곧 좋은 소식"""
김총리,2021-12-31 22:30:00,256840,1247,6,"김총리 ""먹는 치료제, 곧 좋은 소식…'송코영신'합시다"""
김총리,2021-12-31 22:37:00,258830,1067,7,"김총리 ""게임체인저 될 경구용 치료제, 곧 좋은 소식 알려드릴 것"""
김총리,2021-12-31 21:16:00,256840,853,3,김총리
김총리,2021-12-31 21:17:00,019170,756,3,"김총리 일부 언론의 오보에 일일이 대응하지 않았다"""
김총리,2021-12-31 22:28:00,019170,628,1,"김총리 ""먹는 치료제, 곧 좋은 소식…'송코영신'합시다"""
김총리,2021-12-31 22:21:00,019170,143,1,김총리말자체가 오보다
사노맹,2020-04-30 23:14:00,061970,1062,4,"이 사람(이낙연 아들, 정신건강의학과 교수, 식품학과? → 부산의전원?) 보니 역대최대최고비리 弔國(사노맹戰士) 딸이 오버랩.."
사노맹,2020-04-30 22:58:00,083310,1109,3,[2020총선] 주사파·사노맹戰士가 주인된 정치집단이 주인된..주사파·사노맹戰士의 꼭두각시? 이런 자도 국회의원?..김남국..
사노맹,2020-04-30 22:56:00,037950,523,5,2020총선..문제人 남은 2년래..차기 짝퉁령은 주사파·사노맹戰士의 틀 속에서..대한민국폭망과 아울러 김정은의 무혈입성·남한적화도 예상..
사노맹,2020-05-31 21:57:00,078600,572,4,[2020총선] 주사파·사노맹戰士가 주인된 정치집단이 주인된..주사파·사노맹戰士의 꼭두각시? 이런 자도 국회의원?..김남국..
사노맹,2020-04-30 22:44:00,058630,458,1,"김남국도 국회의원..유료팟캐스트(여성품평·성적비하,성희롱발언)..가족비리백과 弔國(사노맹戰士)..궤변적 옹호..중앙대?행정학과?→로스쿨?.."
사노맹,2022-04-30 22:19:00,010140,343,0,[삭제된 게시물의 답글]간도 우리땅! 우리땅 간도☞ 좌빨종북주사파사노맹토착왜구부역숙주좀비종자들 보거라!
사노맹,2022-04-30 22:48:00,010140,321,0,[삭제된 게시물의 답글]간도 우리땅! 우리땅 간도☞ 좌빨종북주사파사노맹토착왜구부역숙주좀비종자들 보거라!
1000일,2021-08-31 23:17:00,064550,1731,23,♤ 261일차 ♤ 株價 100만원 祈願 1000일 祈禱
1000일,2021-12-31 21:30:00,064550,1329,22,♤ 383일차 ♤ 株價 100만원 祈願   1000일 祈禱
1000일,2022-01-31 21:29:00,064550,968,18,♤ 414일차 ♤ 株價 100만원 祈願   1000일 祈禱
1000일,2021-07-31 21:24:00,064550,1294,12,♤ 230일차 ♤ 株價 100만원 祈願 1000일 祈禱
1000일,2022-12-31 21:29:00,064550,546,11,♤ 748일차 ♤ 株價 100만원 祈願 1000일 祈禱
1000일,2021-07-31 22:43:00,095500,243,0,D~1000일
보십니까,2021-09-30 23:54:00,104480,1352,8,목표가 어떻게 보십니까?
보십니까,2023-12-31 23:51:00,229640,731,5,선생님들 LS머트리얼즈는 어떻게 보십니까
보십니까,2021-07-31 22:45:00,006650,1017,3,그래서 이번 하락의 바닥은 어디까지 보십니까?
보십니까,2021-04-30 23:37:00,027740,776,3,마니커 입성할라 카는대 어찌들 보십니까? 
보십니까,2021-01-31 23:14:00,028260,509,4,구정때 이재용 사면 가능성 어떻게 보십니까?
보십니까,2021-01-31 23:04:00,268600,570,3,내일 시초 갭상승 몇% 얼마보십니까?
보십니까,2020-01-31 23:23:00,303030,753,2,고수님들 하락 얼마까지 보십니까? 시총800억대다되가네요
브리핑,2021-06-30 22:35:00,028050,1469,7,캡틴 종목 브리핑 3
브리핑,2023-01-31 23:32:00,402030,544,13,글로벌 경제 간단 브리핑
브리핑,2020-07-31 23:35:00,019170,762,8,곧 7일안에 긴급승인 질본 브리핑 나옴
브리핑,2021-05-31 23:25:00,003000,523,7,금일 간단 브리핑
브리핑,2020-05-31 23:15:00,253840,1041,3,오늘 방역당국 정례 브리핑에서
브리핑,2021-06-30 23:09:00,011000,551,5,여기 대표가 방송에서 브리핑 하는거 들어는봤냐??
브리핑,2020-01-31 23:33:00,068270,1004,0,[주식브리핑]코스닥680코스피2250고점제시+시간외급락한신종코로나관련종목담주월요일매도대응가격제시
브리핑,2020-01-31 22:52:00,000660,977,0,[주식브리핑]코스닥680코스피2250고점제시+시간외급락한신종코로나관련종목담주월요일매도대응가격제시
브리핑,2020-01-31 22:38:00,005930,584,0,[주식브리핑]코스닥680코스피2250고점제시+시간외급락한신종코로나관련종목담주월요일매도대응가격제시
브리핑,2024-07-31 22:54:00,185490,423,0,6만을 이미 본 사람이 브리핑 해준다.
영국임상,2020-10-31 21:41:00,068270,1277,7,●램시마 영국임상 치료제결과 대박
영국임상,2020-10-31 23:04:00,068270,1477,5,●램시마 영국임상결과 란센 논문 실림!!!
영국임상,2020-10-31 21:48:00,068270,1190,4,●램시마 코로나 영국임상 결과 논문 실리네
영국임상,2020-10-31 22:01:00,068270,1315,3,●램시마 코로나 영국임상 결과 논문 실리네
영국임상,2020-10-31 23:19:00,068270,1604,2,●램시마 코로나 영국임상 결과 논문 실리네!!!
영국임상,2020-10-31 21:58:00,068270,1205,2,●램시마 영국임상결과 란센 논문 실림!!!
영국임상,2020-10-31 21:28:00,068270,1140,2,●램시마 코로나 영국임상 결과 논문 실리네
영국임상,2020-10-31 21:47:00,068270,980,0,●램시마 영국임상 치료제결과 대박
기사입니다,2020-08-31 23:21:00,007570,1216,10,러시아 정찰중 발견한 기사입니다. 그냥 참고만요
기사입니다,2020-06-30 22:54:00,141080,1887,5,"[CEO Letter] 김용주 레고켐바이오 대표 ""글로벌 기술이전 3건 이상 추진"" 2017년 4월 17일 한국경제TV 기사입니다."
기사입니다,2023-08-31 23:49:00,091120,1655,3,The bell에 나온 기사입니다
기사입니다,2021-12-31 20:44:00,005290,1247,2,한경기사입니다  
기사입니다,2023-04-30 22:28:00,151860,707,4,최신 기사입니다 주주들 참고하세요
기사입니다,2022-03-31 23:19:00,117580,279,2,아래 좀전에 뜬 기사입니다. 참고하시길
보도내용,2020-01-31 23:25:00,005290,856,10,우한폐렴 독감수준? (현지인 보도내용)
보도내용,2020-01-31 23:13:00,061970,887,3,우한폐렴은 그냥 독감정도? (중국현지인 보도내용)
보도내용,2020-01-31 23:23:00,067310,864,3,우한폐렴은 그냥 독감정도? (현지중국인 보도내용)
보도내용,2025-06-30 23:50:00,009830,526,4,태양광 리스 세액공제 유지 관련 보도내용
보도내용,2020-01-31 23:20:00,033640,928,1,우한폐렴은 독감정도? (현지중국인 보도내용)
보도내용,2022-09-30 23:35:00,013720,272,0,그런데 경악할 일은? 더듬어투기당은 MBC자막조작보도 전 의원회의에서 이미 조작보도내용을 발언하였고..
치명적인,2020-03-31 23:27:00,261220,2352,4,근데 정말 치명적인단점이잇네
치명적인,2020-02-29 23:02:00,059090,1192,6,미코의 치명적인 약점.......
치명적인,2020-02-29 22:40:00,096530,719,10,치명적인.약점이 있음.....씨젠.진단키트는 호환이
치명적인,2024-03-31 22:57:00,048410,711,4,●■일본에서 급속히 확산되고 있는 치명적인 감염인 연쇄구균 독성쇼크증후군■●
치명적인,2024-02-29 23:50:00,090460,1179,2,이회장이 치명적인 암이라는 말이 사실인가요
치명적인,2020-08-31 23:38:00,019170,457,2,신풍 치명적인 악재는 알고 떠드냐?
치명적인,2024-10-31 23:23:00,122870,76,0,양현석 아이큐가 치명적인이유
질본,2021-12-31 20:41:00,068270,1065,14,같잖은 식약처 개질본은
질본,2020-07-31 23:35:00,019170,762,8,곧 7일안에 긴급승인 질본 브리핑 나옴
질본,2021-07-31 22:51:00,068270,1213,3,질본/식약처 책임
질본,2020-07-31 23:44:00,019170,726,4,"고대,질본,신풍이 미쳤냐?-----"
질본,2020-02-29 21:33:00,059090,841,3,질본승인
질본,2020-05-31 22:47:00,003000,1000,2,질본
질본,2021-07-31 22:38:00,019170,571,2,■■ 질본청
질본,2020-07-31 23:34:00,019170,230,1,질본 믿어라
문대통령은,2021-05-31 23:23:00,001440,637,9,문대통령은 연임되어야한다
문대통령은,2021-05-31 23:18:00,034020,463,9,문대통령은 연임되어야한다
문대통령은,2021-05-31 23:27:00,003920,371,9,문대통령은 연임되어야한다
문대통령은,2021-05-31 23:34:00,079160,510,4,문대통령은 연임되어야한다
문대통령은,2021-05-31 23:15:00,248070,370,4,문대통령은 연임되어야한다
연임되어야한다,2021-05-31 23:23:00,001440,637,9,문대통령은 연임되어야한다
연임되어야한다,2021-05-31 23:18:00,034020,463,9,문대통령은 연임되어야한다
연임되어야한다,2021-05-31 23:27:00,003920,371,9,문대통령은 연임되어야한다
연임되어야한다,2021-05-31 23:34:00,079160,510,4,문대통령은 연임되어야한다
연임되어야한다,2021-05-31 23:15:00,248070,370,4,문대통령은 연임되어야한다
질문드립니다,2021-09-30 23:37:00,067630,1108,5,공매관련질문드립니다.
질문드립니다,2021-06-30 23:29:00,005290,1270,4,입문하려 자료 조사 중 찜찜한 부분이 있어 질문드립니다.
질문드립니다,2020-07-31 23:00:00,084650,1048,5,질문드립니다
질문드립니다,2020-07-31 23:34:00,005390,707,4,질문드립니다
질문드립니다,2021-12-31 20:11:00,039840,874,3,장기보유하신분들 질문드립니다
질문드립니다,2022-07-31 23:14:00,388050,783,2,주린이 질문드립니다 무증
원재료,2020-02-29 23:53:00,096530,681,8,원재료 50% 수입. 국내꺼를 늘린다?
원재료,2020-05-31 23:46:00,237690,1249,3,올리고핵산 원재료 아이오니스 GSK 6월납기 735만불
원재료,2020-02-29 23:45:00,096530,511,7,원재료 50% 수입이라는데도 ㄱ ㅐ 소리들만 하네.
원재료,2020-02-29 23:33:00,096530,484,7,원재료가 수입이라잖아. 이 닥 ㄷ ㅐ 가리들아.
원재료,2020-02-29 23:19:00,096530,651,4,원재료 50% 수입 전자공시보고
원재료,2020-02-29 23:25:00,096530,530,5,원재료 50%수입 어디냐? 로슈면 그야말로 악재.
원재료,2023-03-31 23:39:00,095500,1027,2,미나 바이셀을 위한 수산화리튬 원재료 구입처는? 
원재료,2021-08-31 23:47:00,018470,662,2,"[속보] 조일알미늄 주가 +8.06%↑…""롯데알미늄과 2차전지 양극박 원재료 공급 MOU 체결"""
원재료,2020-02-29 23:31:00,084650,780,0,원재료가 국산이라 승인 늦은 건가 ? 추측임
원재료,2023-04-30 23:13:00,005950,609,0,관건은 원재료가 비싼데
설명해줄께,2026-01-31 23:13:00,017670,5669,11,바보들아 sk텔레콤이 왜 텐버거 예약인지 자세히 설명해줄께. 잘보고 장투해라.
설명해줄께,2025-01-31 21:42:00,108490,1021,3,공시 두개 내용 설명해줄께
설명해줄께,2021-08-31 23:43:00,095700,725,3,자 ~  쉽게 설명해줄께 봐봐
설명해줄께,2022-02-28 22:49:00,117580,425,2,협상진행사항  설명해줄께~
몇프로,2021-04-30 22:57:00,112610,3522,5,어닝써프라이즈시 몇프로 상승 예상하시나요??
몇프로,2022-06-30 23:31:00,360750,1794,1,배당은 일년에 몇프로 주나요  몇번에 걸쳐서 대략
몇프로,2025-10-31 22:36:00,347850,711,4,에코프로 투경 맞고 고점대비 몇프로 떨어짐?
몇프로,2021-03-31 22:55:00,138040,583,3,지금 자사주 몇프로 매입 진행되었나요~?
몇프로,2025-07-31 21:52:00,051900,191,3,다들 -몇프로이신지
몇프로,2020-07-31 22:44:00,019170,225,1,이번에는 몇프로까짖올랐다가
몇프로,2024-04-30 22:45:00,406820,329,0,몇프로출발할까?
몇프로,2024-09-30 22:34:00,010130,225,0,수요일 갭몇프로?
의사파업,2020-08-31 23:51:00,035720,664,20,의사파업 지지 청원
의사파업,2020-08-31 23:49:00,019170,244,15,의사파업 지지 청원
의사파업,2020-08-31 23:48:00,011000,347,7,의사파업 지지 청원
의사파업,2020-08-31 23:46:00,034020,266,6,의사파업 청원
우한폐렴보다,2020-01-31 22:13:00,093370,2248,5,우한폐렴보다  ㄷ ㅓ큰 문재가 다가온다
우한폐렴보다,2020-01-31 22:24:00,003220,406,9,우한폐렴보다 실적
우한폐렴보다,2020-01-31 22:52:00,001360,958,2,우한폐렴보다  ㄷ ㅓ큰 문재가 다가온다
우한폐렴보다,2020-01-31 22:05:00,000720,947,0,우한폐렴보다  ㄷ ㅓ큰 문재가 다가온다
쌍방울은,2022-03-31 22:44:00,136510,930,11,포기해라..쌍방울은 벌써 컨셉카 까지 발표했다.
쌍방울은,2022-05-31 22:25:00,001390,523,9,쌍방울은 돈이 없으니 FI들을 계속 더 늘릴건가보네요.
쌍방울은,2022-03-31 22:46:00,016600,735,4,포기해..쌍방울은 벌써 컨셉카 까지 발표했어..
쌍방울은,2021-06-30 22:53:00,102280,282,1,쌍방울은 이제
쌍방울은,2022-03-31 23:36:00,102280,115,1,에디슨모터스에비하면.쌍방울은10만원보고팝시다..
mmv,2020-08-31 23:15:00,019170,1323,7,"■■■■MMV,빌게이츠,UBS 작정하고 나섰네"
mmv,2020-08-31 23:37:00,019170,1108,2,남아공 임상 2상 승인 때문에 MMV 빌게이츠
mmv,2021-10-31 23:17:00,019170,901,2,ACT-Accelerator Strategic Plan & Budget 내용과 MMV
mmv,2020-08-31 23:27:00,019170,285,0,"ㅋㅋ 안티들 눈 튀어 나왔노? ㅎㅎ 남아공 임상, MMV 스폰이다~"
주가조작에,2023-04-30 23:18:00,145210,1417,6,다이나믹도 주가조작에 연류된건 아니겟지?
주가조작에,2022-04-30 23:55:00,052690,545,6,아니 ㅋ 벌레들은 주가조작에  대해
주가조작에,2020-09-30 22:36:00,064520,2694,0,주가조작에 전형적인 케이스
주가조작에,2022-04-30 23:12:00,052690,393,1,아니 ㅋ 벌레들은 주가조작에  대해
dx,2023-07-31 23:27:00,022100,1360,6,포스코 DX 덕분에 X7 계약 했습니다.
dx,2023-12-31 23:28:00,022100,991,4,포스코Dx 수준
dx,2025-12-31 21:25:00,022100,1113,3,포스코 dx.  이넘. 7만원 까지봄
dx,2023-08-31 23:19:00,047050,571,4,■■■아무래도 포스코DX쪽으로 메이져들이 집결하고 있는것같아!!!
dx,2023-07-31 23:48:00,022100,1354,1,DX 형들
dx,2023-08-31 23:37:00,022100,1164,1,포스코dx
dx,2024-05-31 23:18:00,033230,749,2,Dxvx  2600원유증결정 후 2700원대추락
dx,2025-02-28 22:03:00,247540,394,3,에코프로 에코프로비엠 LG엔솔 포스코DX 이 4개 대차거래잔고 엄청증가하는중
dx,2023-12-31 22:17:00,022100,395,2,정든DX...엠텍이도.홀딩스도 ㅡ
dx,2024-05-31 22:29:00,022100,562,1,포스코dx 소문들었다
임상은,2020-08-31 22:56:00,068270,941,9,후진국..임상은 퀄리티가 떨어진다..
임상은,2023-03-31 23:46:00,016790,545,8,"임상은 성공입니다. 의심의 여지 없이,.."
임상은,2020-09-30 21:52:00,082800,952,4,비보존 미국 임상은 실패지?
임상은,2021-08-31 23:47:00,038530,491,2,@@@임상은 골드퍼시픽 자회사가 주도하고있음.
주주명부,2020-12-31 23:43:00,064550,1746,4,주주명부 폐쇄와 30일장 동시호가 55000주 시장가매도의 상관관계
주주명부,2023-01-31 23:16:00,205470,791,9,미래는 실패했다.주주명부 취하 ㅋㅋ 걱정마!  제4렬도
주주명부,2021-03-31 23:56:00,042670,1533,3,주주명부 폐쇄일 4/5
주주명부,2021-08-31 23:52:00,137310,481,3,뭔 대주주명부에
주주명부,2021-04-30 22:28:00,042670,877,1,5월13일 임시주총열리면 안건에 주주명부폐쇄되나요?
주주명부,2023-04-30 22:53:00,950130,477,0,주주명부열람 가처분건 심문기일이 5월10일에잡혔습니다.~(현재65만주)
주주명부,2026-02-06 15:56:00,126720,4,0,"[AI 요약] 수산인더스트리, 2026년 배당 계획 및 주주명부 폐쇄 결정 소식이에요📢"
김남국,2020-04-30 22:36:00,019590,1219,6,"2020. 4월 중순 현재 이 분들 보면 弔國子女가 오버랩? [이낙연 아들, 38세, 정신건강의학과 교수]☞..[김남국, 39세, 변호사]☞.."
김남국,2020-04-30 22:58:00,083310,1109,3,[2020총선] 주사파·사노맹戰士가 주인된 정치집단이 주인된..주사파·사노맹戰士의 꼭두각시? 이런 자도 국회의원?..김남국..
김남국,2020-05-31 21:57:00,078600,572,4,[2020총선] 주사파·사노맹戰士가 주인된 정치집단이 주인된..주사파·사노맹戰士의 꼭두각시? 이런 자도 국회의원?..김남국..
김남국,2020-04-30 22:44:00,058630,458,1,"김남국도 국회의원..유료팟캐스트(여성품평·성적비하,성희롱발언)..가족비리백과 弔國(사노맹戰士)..궤변적 옹호..중앙대?행정학과?→로스쿨?.."
김남국,2023-05-31 23:52:00,290690,219,0,여기가 김남국 관련대장주 나요
기다렸는데,2021-07-31 20:19:00,161890,1194,6,거진 10개월을 기다렸는데
기다렸는데,2022-04-30 22:43:00,011000,1366,2,17년을 기다렸는데 
기다렸는데,2021-11-30 23:07:00,003580,944,2,그래서 이거 언제 승인되나요?? 5개월 기다렸는데
기다렸는데,2025-02-28 22:47:00,005930,46,0,배터지게 먹고 55000원 기다렸는데 54000원대?
있어도,2026-01-31 22:40:00,027360,915,6,● 스페이스 x 지분 0.1%만  있어도 투자수익이 2조다 ㅎㅎ
있어도,2021-02-28 23:38:00,000270,1208,4,기아 현대 두개중에 에플하청하나 있어도좋지 않나....
있어도,2020-05-31 23:44:00,000100,911,4,좋은기사나 뉴스가있어도 안오르고 누른건
있어도,2020-03-31 23:47:00,252670,545,5,장기로 본다면  한달 가지고 있어도 되냐?
있어도,2024-07-31 23:57:00,195940,404,7,어따대고 실적이 있어도 안가? 팩트 자료다
있어도,2024-11-30 23:20:00,002320,722,0,주가 바닥인데   선수 5 억정도만있어도
있어도,2020-03-31 23:34:00,252670,362,0,이거 파생이라들고만있어도손해봄
있어도,2024-06-30 22:56:00,096770,32,4,지금 까지에있어도
있어도,2024-06-30 22:54:00,028300,31,3,지금 까지에있어도
있어도,2024-06-30 22:55:00,247540,26,3,지금 까지에있어도
2050년까지,2021-10-31 21:55:00,052690,967,5,"[속보] 文, G20서 ""한국 2050년까지 석탄발전 전면 폐기"""
2050년까지,2021-10-31 21:51:00,130660,779,4,"[속보] 文, G20서 ""한국 2050년까지 석탄발전 전면 폐기"""
2050년까지,2021-10-31 21:56:00,034020,1482,1,"[속보] 文, G20서 ""한국 2050년까지 석탄발전 전면 폐기"""
2050년까지,2022-10-31 23:58:00,348350,306,0,원전 해체 시장은 2031년부터 2050년까지 204조원 규모
6명,2024-01-31 22:51:00,005490,526,10,포홀회장후보 6명 프로필 평가!
6명,2021-02-28 22:01:00,068270,1135,3,화이자 백신 1병으로 6명 접종
6명,2025-04-30 23:00:00,004100,412,7,청년들16명 나왔는데 죄다 한동훈손들어줌
6명,2021-11-30 22:50:00,058110,679,3, [속보] '또 최다기록 깼다 1216명 증가…' 오후9시까지 3857명 확진
6명,2020-06-30 23:01:00,034940,895,2,[속보]美어린이 다기관염증증후군 환자 285명·사망 6명
6명,2024-05-31 22:37:00,090430,504,4,●특검'금투세.감사원'선거관리위 1200건 위법.문재인USB.북한송금.대장동.천안함46명피격 엔 불참 특검 안하고
6명,2023-10-31 22:47:00,011040,515,3,"""우리반 26명중 17명이 콜록""…초등생 독감, 1주새 58% 급증  "
6명,2022-05-31 21:33:00,005930,282,4,5월 13일날 윤석두 가온에서 6명이서 900만원어치 술 쳐먹었네.
6명,2020-05-31 23:04:00,005930,427,1,생존 활불 부처 재림예수만 76명..그중 전라도인만 52명
6명,2022-01-31 20:47:00,005930,420,1,[치료제 506명 투약]환자발생은 많고 1일1만명대 ㅡ>먹는치료제 대상은 별루고 (먹는치료제 복용에 따른 제약이 많이따라)
임박했나,2023-09-30 21:05:00,065450,1106,4,北 7차 핵실험 임박했나...韓美日 “北 도발중단·비핵화 조치 촉구” 다자무대 첫 공동발표
임박했나,2023-09-30 21:10:00,013810,3893,0,北 7차 핵실험 임박했나...韓美日 “北 도발중단·비핵화 조치 촉구” 다자무대 첫 공동발표
임박했나,2023-09-30 21:11:00,010820,1002,2,北 7차 핵실험 임박했나...韓美日 “北 도발중단·비핵화 조치 촉구” 다자무대 첫 공동발표
임박했나,2023-09-30 21:12:00,024740,230,1,北 7차 핵실험 임박했나...韓美日 “北 도발중단·비핵화 조치 촉구” 다자무대 첫 공동발표
도발중단,2023-09-30 21:05:00,065450,1106,4,北 7차 핵실험 임박했나...韓美日 “北 도발중단·비핵화 조치 촉구” 다자무대 첫 공동발표
도발중단,2023-09-30 21:10:00,013810,3893,0,北 7차 핵실험 임박했나...韓美日 “北 도발중단·비핵화 조치 촉구” 다자무대 첫 공동발표
도발중단,2023-09-30 21:11:00,010820,1002,2,北 7차 핵실험 임박했나...韓美日 “北 도발중단·비핵화 조치 촉구” 다자무대 첫 공동발표
도발중단,2023-09-30 21:12:00,024740,230,1,北 7차 핵실험 임박했나...韓美日 “北 도발중단·비핵화 조치 촉구” 다자무대 첫 공동발표
다자무대,2023-09-30 21:05:00,065450,1106,4,北 7차 핵실험 임박했나...韓美日 “北 도발중단·비핵화 조치 촉구” 다자무대 첫 공동발표
다자무대,2023-09-30 21:10:00,013810,3893,0,北 7차 핵실험 임박했나...韓美日 “北 도발중단·비핵화 조치 촉구” 다자무대 첫 공동발표
다자무대,2023-09-30 21:11:00,010820,1002,2,北 7차 핵실험 임박했나...韓美日 “北 도발중단·비핵화 조치 촉구” 다자무대 첫 공동발표
다자무대,2023-09-30 21:12:00,024740,230,1,北 7차 핵실험 임박했나...韓美日 “北 도발중단·비핵화 조치 촉구” 다자무대 첫 공동발표
100만원 1000일,2021-08-31 23:17:00,064550,1731,23,♤ 261일차 ♤ 株價 100만원 祈願 1000일 祈禱
100만원 1000일,2021-12-31 21:30:00,064550,1329,22,♤ 383일차 ♤ 株價 100만원 祈願   1000일 祈禱
100만원 1000일,2022-01-31 21:29:00,064550,968,18,♤ 414일차 ♤ 株價 100만원 祈願   1000일 祈禱
100만원 1000일,2021-07-31 21:24:00,064550,1294,12,♤ 230일차 ♤ 株價 100만원 祈願 1000일 祈禱
100만원 1000일,2022-12-31 21:29:00,064550,546,11,♤ 748일차 ♤ 株價 100만원 祈願 1000일 祈禱
주사파 사노맹,2020-04-30 22:58:00,083310,1109,3,[2020총선] 주사파·사노맹戰士가 주인된 정치집단이 주인된..주사파·사노맹戰士의 꼭두각시? 이런 자도 국회의원?..김남국..
주사파 사노맹,2020-04-30 22:56:00,037950,523,5,2020총선..문제人 남은 2년래..차기 짝퉁령은 주사파·사노맹戰士의 틀 속에서..대한민국폭망과 아울러 김정은의 무혈입성·남한적화도 예상..
주사파 사노맹,2020-05-31 21:57:00,078600,572,4,[2020총선] 주사파·사노맹戰士가 주인된 정치집단이 주인된..주사파·사노맹戰士의 꼭두각시? 이런 자도 국회의원?..김남국..
원재료 50,2020-02-29 23:53:00,096530,681,8,원재료 50% 수입. 국내꺼를 늘린다?
원재료 50,2020-02-29 23:45:00,096530,511,7,원재료 50% 수입이라는데도 ㄱ ㅐ 소리들만 하네.
원재료 50,2020-02-29 23:19:00,096530,651,4,원재료 50% 수입 전자공시보고
원재료 50,2020-02-29 23:25:00,096530,530,5,원재료 50%수입 어디냐? 로슈면 그야말로 악재.
코로나 영국임상,2020-10-31 21:48:00,068270,1190,4,●램시마 코로나 영국임상 결과 논문 실리네
코로나 영국임상,2020-10-31 22:01:00,068270,1315,3,●램시마 코로나 영국임상 결과 논문 실리네
코로나 영국임상,2020-10-31 23:19:00,068270,1604,2,●램시마 코로나 영국임상 결과 논문 실리네!!!
코로나 영국임상,2020-10-31 21:28:00,068270,1140,2,●램시마 코로나 영국임상 결과 논문 실리네
영국임상 결과,2020-10-31 21:48:00,068270,1190,4,●램시마 코로나 영국임상 결과 논문 실리네
영국임상 결과,2020-10-31 22:01:00,068270,1315,3,●램시마 코로나 영국임상 결과 논문 실리네
영국임상 결과,2020-10-31 23:19:00,068270,1604,2,●램시마 코로나 영국임상 결과 논문 실리네!!!
영국임상 결과,2020-10-31 21:28:00,068270,1140,2,●램시마 코로나 영국임상 결과 논문 실리네
결과 논문,2020-10-31 21:48:00,068270,1190,4,●램시마 코로나 영국임상 결과 논문 실리네
결과 논문,2020-10-31 22:01:00,068270,1315,3,●램시마 코로나 영국임상 결과 논문 실리네
결과 논문,2020-10-31 23:19:00,068270,1604,2,●램시마 코로나 영국임상 결과 논문 실리네!!!
결과 논문,2020-10-31 21:28:00,068270,1140,2,●램시마 코로나 영국임상 결과 논문 실리네
논문 실리네,2020-10-31 21:48:00,068270,1190,4,●램시마 코로나 영국임상 결과 논문 실리네
논문 실리네,2020-10-31 22:01:00,068270,1315,3,●램시마 코로나 영국임상 결과 논문 실리네
논문 실리네,2020-10-31 23:19:00,068270,1604,2,●램시마 코로나 영국임상 결과 논문 실리네!!!
논문 실리네,2020-10-31 21:28:00,068270,1140,2,●램시마 코로나 영국임상 결과 논문 실리네
홈피 공지,2020-03-31 23:27:00,053030,3270,4,3/31 바이넥스 홈피 공지
홈피 공지,2025-05-31 23:04:00,007390,828,4,네이처셀 홈피 공지
홈피 공지,2022-11-30 23:19:00,048410,640,5,현바  홈피 공지 읽어라
의사파업 지지,2020-08-31 23:51:00,035720,664,20,의사파업 지지 청원
의사파업 지지,2020-08-31 23:49:00,019170,244,15,의사파업 지지 청원
의사파업 지지,2020-08-31 23:48:00,011000,347,7,의사파업 지지 청원
지지 청원,2020-08-31 23:51:00,035720,664,20,의사파업 지지 청원
지지 청원,2020-08-31 23:49:00,019170,244,15,의사파업 지지 청원
지지 청원,2020-08-31 23:48:00,011000,347,7,의사파업 지지 청원
어떻게 보십니까,2021-09-30 23:54:00,104480,1352,8,목표가 어떻게 보십니까?
어떻게 보십니까,2023-12-31 23:51:00,229640,731,5,선생님들 LS머트리얼즈는 어떻게 보십니까
어떻게 보십니까,2021-01-31 23:14:00,028260,509,4,구정때 이재용 사면 가능성 어떻게 보십니까?
고대 안산병원,2020-07-31 23:04:00,019170,1015,10,고대 안산병원 임상시험중. 효과 확인 간호사
고대 안산병원,2020-07-31 23:11:00,019170,1042,5,고대 안산병원 기사뜨면 문닫고 10연상
고대 안산병원,2020-07-31 23:08:00,019170,848,3,고대 안산병원 임상 투약중
ira 최고수혜,2023-03-31 23:30:00,003670,1383,6,☆IRA 최고수혜 : 앨엔에프
ira 최고수혜,2023-03-31 23:32:00,247540,507,8,☆ IRA 최고수혜 : 엘앤에프 이유
ira 최고수혜,2023-03-31 23:59:00,101670,692,5,☆IRA 최고수혜 : 엘앤에프
염승환 이사님이,2023-08-31 23:42:00,352820,719,12,염승환 이사님이 엔터주는 먹을게 없대요
염승환 이사님이,2023-08-31 23:40:00,035900,726,9,염승환 이사님이 엔터주는 먹을 게 없대요.
염승환 이사님이,2023-08-31 23:44:00,041510,1330,4,염승환 이사님이 엔터주는 먹을 게 없대요
이사님이 엔터주는,2023-08-31 23:42:00,352820,719,12,염승환 이사님이 엔터주는 먹을게 없대요
이사님이 엔터주는,2023-08-31 23:40:00,035900,726,9,염승환 이사님이 엔터주는 먹을 게 없대요.
이사님이 엔터주는,2023-08-31 23:44:00,041510,1330,4,염승환 이사님이 엔터주는 먹을 게 없대요
이낙연 아들,2020-04-30 22:36:00,019590,1219,6,"2020. 4월 중순 현재 이 분들 보면 弔國子女가 오버랩? [이낙연 아들, 38세, 정신건강의학과 교수]☞..[김남국, 39세, 변호사]☞.."
이낙연 아들,2020-04-30 23:14:00,061970,1062,4,"이 사람(이낙연 아들, 정신건강의학과 교수, 식품학과? → 부산의전원?) 보니 역대최대최고비리 弔國(사노맹戰士) 딸이 오버랩.."
이낙연 아들,2020-05-31 23:40:00,005710,561,6,"이낙연 아들(38, 정신건강의학과)..""코로나19는 코로 나온다""..등등..이 사람에게는 ""코로나19""는 말장난개그라고라~"
50 수입,2020-02-29 23:53:00,096530,681,8,원재료 50% 수입. 국내꺼를 늘린다?
50 수입,2020-02-29 23:45:00,096530,511,7,원재료 50% 수입이라는데도 ㄱ ㅐ 소리들만 하네.
50 수입,2020-02-29 23:19:00,096530,651,4,원재료 50% 수입 전자공시보고
50 수입,2020-02-29 23:25:00,096530,530,5,원재료 50%수입 어디냐? 로슈면 그야말로 악재.
속보 g20서,2021-10-31 21:55:00,052690,967,5,"[속보] 文, G20서 ""한국 2050년까지 석탄발전 전면 폐기"""
속보 g20서,2021-10-31 21:51:00,130660,779,4,"[속보] 文, G20서 ""한국 2050년까지 석탄발전 전면 폐기"""
속보 g20서,2021-10-31 21:56:00,034020,1482,1,"[속보] 文, G20서 ""한국 2050년까지 석탄발전 전면 폐기"""
g20서 한국,2021-10-31 21:55:00,052690,967,5,"[속보] 文, G20서 ""한국 2050년까지 석탄발전 전면 폐기"""
g20서 한국,2021-10-31 21:51:00,130660,779,4,"[속보] 文, G20서 ""한국 2050년까지 석탄발전 전면 폐기"""
g20서 한국,2021-10-31 21:56:00,034020,1482,1,"[속보] 文, G20서 ""한국 2050년까지 석탄발전 전면 폐기"""
한국 2050년까지,2021-10-31 21:55:00,052690,967,5,"[속보] 文, G20서 ""한국 2050년까지 석탄발전 전면 폐기"""
한국 2050년까지,2021-10-31 21:51:00,130660,779,4,"[속보] 文, G20서 ""한국 2050년까지 석탄발전 전면 폐기"""
한국 2050년까지,2021-10-31 21:56:00,034020,1482,1,"[속보] 文, G20서 ""한국 2050년까지 석탄발전 전면 폐기"""
2050년까지 석탄발전,2021-10-31 21:55:00,052690,967,5,"[속보] 文, G20서 ""한국 2050년까지 석탄발전 전면 폐기"""
2050년까지 석탄발전,2021-10-31 21:51:00,130660,779,4,"[속보] 文, G20서 ""한국 2050년까지 석탄발전 전면 폐기"""
2050년까지 석탄발전,2021-10-31 21:56:00,034020,1482,1,"[속보] 文, G20서 ""한국 2050년까지 석탄발전 전면 폐기"""
석탄발전 전면,2021-10-31 21:55:00,052690,967,5,"[속보] 文, G20서 ""한국 2050년까지 석탄발전 전면 폐기"""
석탄발전 전면,2021-10-31 21:51:00,130660,779,4,"[속보] 文, G20서 ""한국 2050년까지 석탄발전 전면 폐기"""
석탄발전 전면,2021-10-31 21:56:00,034020,1482,1,"[속보] 文, G20서 ""한국 2050년까지 석탄발전 전면 폐기"""
전면 폐기,2021-10-31 21:55:00,052690,967,5,"[속보] 文, G20서 ""한국 2050년까지 석탄발전 전면 폐기"""
전면 폐기,2021-10-31 21:51:00,130660,779,4,"[속보] 文, G20서 ""한국 2050년까지 석탄발전 전면 폐기"""
전면 폐기,2021-10-31 21:56:00,034020,1482,1,"[속보] 文, G20서 ""한국 2050년까지 석탄발전 전면 폐기"""
한국거래소 신종코로나,2020-01-31 22:45:00,012690,856,5,"한국거래소, '신종코로나' 관련株 집중 모니터링 "
한국거래소 신종코로나,2020-01-31 22:44:00,045060,695,3,"한국거래소, '신종코로나' 관련株 집중 모니터링 "
한국거래소 신종코로나,2020-01-31 22:46:00,011000,869,2,"한국거래소, '신종코로나' 관련株 집중 모니터링 "
신종코로나 관련,2020-01-31 22:45:00,012690,856,5,"한국거래소, '신종코로나' 관련株 집중 모니터링 "
신종코로나 관련,2020-01-31 22:44:00,045060,695,3,"한국거래소, '신종코로나' 관련株 집중 모니터링 "
신종코로나 관련,2020-01-31 22:46:00,011000,869,2,"한국거래소, '신종코로나' 관련株 집중 모니터링 "
관련 집중,2020-01-31 22:45:00,012690,856,5,"한국거래소, '신종코로나' 관련株 집중 모니터링 "
관련 집중,2020-01-31 22:44:00,045060,695,3,"한국거래소, '신종코로나' 관련株 집중 모니터링 "
관련 집중,2020-01-31 22:46:00,011000,869,2,"한국거래소, '신종코로나' 관련株 집중 모니터링 "
집중 모니터링,2020-01-31 22:45:00,012690,856,5,"한국거래소, '신종코로나' 관련株 집중 모니터링 "
집중 모니터링,2020-01-31 22:44:00,045060,695,3,"한국거래소, '신종코로나' 관련株 집중 모니터링 "
집중 모니터링,2020-01-31 22:46:00,011000,869,2,"한국거래소, '신종코로나' 관련株 집중 모니터링 "
이거 사실일까,2022-03-31 23:43:00,034020,719,5,이거 사실일까?
이거 사실일까,2022-03-31 23:41:00,001440,645,4,이거 사실일까?
이거 사실일까,2022-03-31 23:46:00,053800,751,3,이거 사실일까?
다음주 주가,2025-01-31 22:33:00,067080,735,4,특급뉴스  다음주  주가 많이  오르겠네요  다음주 주가  안오르면 주포가  운전준비단계중
다음주 주가,2021-10-31 22:53:00,285130,795,3,다음주 주가
다음주 주가,2022-07-31 21:40:00,000990,560,2,"다음주 주가회복 명예회복 스타트,,"
다음주 주가,2024-05-31 22:17:00,373220,150,0,LG엔솔 적정 주가 30만원?! 다음주 주가전망
한마디 해준다,2023-06-30 22:48:00,328130,605,4,정신나간  주주들아  한마디 해준다
한마디 해준다,2020-10-31 21:46:00,019170,386,6,한마디 해준다!
한마디 해준다,2024-02-29 23:11:00,060900,854,2,주린이 분들을 위해 한마디 해준다..
주식 매수한,2021-01-31 23:13:00,009830,1856,9,올해 주식 매수한 사람들은 다 좃됐네요
주식 매수한,2021-01-31 23:29:00,005935,1386,8,올해 주식 매수한 사람들은 다 좃됐네요
주식 매수한,2021-01-31 22:56:00,000270,1395,6,올해 주식 매수한 사람들은 다 좃됐네요
주식 매수한,2021-01-31 22:46:00,012330,1377,4,올해 주식 매수한 사람들은 다 좃됐네요
주식 매수한,2021-01-31 23:05:00,000660,1519,3,올해 주식 매수한 사람들은 다 좃됐네요
주식 매수한,2021-01-31 22:48:00,051910,1430,3,올해 주식 매수한 사람들은 다 좃됐네요
주식 매수한,2021-01-31 22:54:00,005380,1123,4,올해 주식 매수한 사람들은 다 좃됐네요
주식 매수한,2021-01-31 23:03:00,066570,1225,3,올해 주식 매수한 사람들은 다 좃됐네요
주식 매수한,2023-12-31 23:46:00,005490,629,5,*테슬라가 포홀 주식 매수한다면??
주식 매수한,2021-01-31 23:06:00,006400,879,3,올해 주식 매수한 사람들은 다 좃됐네요
매수한 사람들은,2021-01-31 23:13:00,009830,1856,9,올해 주식 매수한 사람들은 다 좃됐네요
매수한 사람들은,2021-01-31 23:29:00,005935,1386,8,올해 주식 매수한 사람들은 다 좃됐네요
매수한 사람들은,2021-01-31 22:56:00,000270,1395,6,올해 주식 매수한 사람들은 다 좃됐네요
매수한 사람들은,2021-01-31 22:46:00,012330,1377,4,올해 주식 매수한 사람들은 다 좃됐네요
매수한 사람들은,2021-01-31 23:05:00,000660,1519,3,올해 주식 매수한 사람들은 다 좃됐네요
매수한 사람들은,2021-01-31 22:48:00,051910,1430,3,올해 주식 매수한 사람들은 다 좃됐네요
매수한 사람들은,2021-01-31 22:54:00,005380,1123,4,올해 주식 매수한 사람들은 다 좃됐네요
매수한 사람들은,2021-01-31 23:03:00,066570,1225,3,올해 주식 매수한 사람들은 다 좃됐네요
매수한 사람들은,2021-01-31 23:06:00,006400,879,3,올해 주식 매수한 사람들은 다 좃됐네요
매수한 사람들은,2021-01-31 23:27:00,005385,787,3,올해 주식 매수한 사람들은 다 좃됐네요
26년 주가전망,2025-12-31 23:54:00,015760,2643,7,한전 26년 주가전망
26년 주가전망,2025-12-31 23:47:00,034020,3276,4,두에빌 26년 주가전망
26년 주가전망,2025-12-31 23:59:00,006400,2140,6,SDI 26년 주가전망
26년 주가전망,2025-12-31 23:48:00,042660,2623,3,한오 26년 주가전망
26년 주가전망,2025-12-31 23:51:00,005380,2420,3,현대차 26년 주가전망
26년 주가전망,2025-12-31 23:45:00,402340,1674,4,SK스퀘어 26년 주가전망
26년 주가전망,2025-12-31 23:53:00,012450,1306,2,한에 26년 주가전망
26년 주가전망,2025-12-31 23:41:00,207940,598,4,삼바 26년 주가전망
26년 주가전망,2025-12-31 23:43:00,000660,235,2,하닉 26년 주가전망
올해 주식,2021-01-31 23:13:00,009830,1856,9,올해 주식 매수한 사람들은 다 좃됐네요
올해 주식,2021-01-31 23:29:00,005935,1386,8,올해 주식 매수한 사람들은 다 좃됐네요
올해 주식,2021-01-31 22:56:00,000270,1395,6,올해 주식 매수한 사람들은 다 좃됐네요
올해 주식,2021-01-31 22:46:00,012330,1377,4,올해 주식 매수한 사람들은 다 좃됐네요
올해 주식,2021-01-31 23:05:00,000660,1519,3,올해 주식 매수한 사람들은 다 좃됐네요
올해 주식,2021-01-31 22:48:00,051910,1430,3,올해 주식 매수한 사람들은 다 좃됐네요
올해 주식,2021-01-31 22:54:00,005380,1123,4,올해 주식 매수한 사람들은 다 좃됐네요
올해 주식,2021-01-31 23:03:00,066570,1225,3,올해 주식 매수한 사람들은 다 좃됐네요
올해 주식,2021-01-31 23:06:00,006400,879,3,올해 주식 매수한 사람들은 다 좃됐네요
올해 주식,2021-01-31 23:27:00,005385,787,3,올해 주식 매수한 사람들은 다 좃됐네요
램시마 코로나,2020-10-31 21:48:00,068270,1190,4,●램시마 코로나 영국임상 결과 논문 실리네
램시마 코로나,2020-10-31 22:01:00,068270,1315,3,●램시마 코로나 영국임상 결과 논문 실리네
램시마 코로나,2020-10-31 23:19:00,068270,1604,2,●램시마 코로나 영국임상 결과 논문 실리네!!!
램시마 코로나,2020-10-31 22:19:00,068270,1536,2,"이탈리아, 램시마 코로나 효능 관련기사"
램시마 코로나,2020-10-31 21:28:00,068270,1140,2,●램시마 코로나 영국임상 결과 논문 실리네
램시마 코로나,2020-10-31 23:08:00,068270,818,0,"이탈리아, 램시마 코로나 효능 관련기사"
msci 편입,2023-08-31 23:26:00,035900,692,6,msci 편입 종목의 영익과 당일 대차거래 현황ㅡ
msci 편입,2025-10-31 21:52:00,278470,737,4,"에이피알, 11월 MSCI 편입 유력"
msci 편입,2020-05-31 22:30:00,019170,1157,2,MSCI 편입 후 호재
msci 편입,2023-07-31 23:26:00,086520,718,3,"에코프로, MSCI 편입 확정"
msci 편입,2026-01-31 22:38:00,000720,851,2,현대건설  2월  MSCI 편입 유력 ~!!
msci 편입,2023-12-31 21:34:00,403870,878,1,새해 5월에 MSCI 편입하면서
msci 편입,2020-12-31 23:42:00,323990,470,2,2월 모건 스탠리에서 msci 편입종목 선정
msci 편입,2024-05-31 23:29:00,196170,74,0,MSCI 편입 대규모 패스브자금(리밸런싱) 유입은 끝났다.
msci 편입,2024-08-31 21:52:00,001570,14,0,Msci 편입종목을 노리고
다음주 예상,2020-02-29 22:59:00,180640,2141,8,다음주 예상
다음주 예상,2021-04-30 22:44:00,011780,1897,4,다음주 예상
다음주 예상,2021-04-30 23:00:00,214610,1051,6,일주일간 고생하셨습니다.  다음주 예상 재료
다음주 예상,2020-01-31 22:00:00,104480,1120,4,다음주 예상입니다
다음주 예상,2020-01-31 22:08:00,114800,943,3,다음주 예상
다음주 예상,2025-11-30 23:19:00,000660,308,0,다음주 예상
하나만 물어보자,2021-12-31 22:57:00,074610,1025,10,38살 이혼녀가 진지하게 하나만 물어보자.
하나만 물어보자,2020-03-31 23:49:00,245620,1551,3,하나만 물어보자 
하나만 물어보자,2023-09-30 22:15:00,016790,1154,3,하나만  물어보자
하나만 물어보자,2020-01-31 22:31:00,012690,691,3,하나만  물어보자
하나만 물어보자,2025-10-31 23:00:00,030530,281,2,하나만 물어보자~외인과 세력들?
문대통령은 연임되어야한다,2021-05-31 23:23:00,001440,637,9,문대통령은 연임되어야한다
문대통령은 연임되어야한다,2021-05-31 23:18:00,034020,463,9,문대통령은 연임되어야한다
문대통령은 연임되어야한다,2021-05-31 23:27:00,003920,371,9,문대통령은 연임되어야한다
문대통령은 연임되어야한다,2021-05-31 23:34:00,079160,510,4,문대통령은 연임되어야한다
문대통령은 연임되어야한다,2021-05-31 23:15:00,248070,370,4,문대통령은 연임되어야한다
안철수는 죽어도,2021-12-31 23:52:00,041510,2273,4,◆ 안철수는 죽어도 안 찍는다
안철수는 죽어도,2021-12-31 23:49:00,376300,662,10,◆ 안철수는 죽어도 안 찍는다
안철수는 죽어도,2021-12-31 23:56:00,051910,1626,3,◆ 안철수는 죽어도 안 찍는다
안철수는 죽어도,2021-12-31 23:48:00,005930,448,4,◆ 안철수는 죽어도 안 찍는다
관련주 맞나요,2023-03-31 23:27:00,105840,1142,7,여기가 한동훈 관련주 맞나요?
관련주 맞나요,2020-09-30 22:30:00,131970,750,7,똑똑..형님들 여기 나훈아 관련주 맞나요?
관련주 맞나요,2021-05-31 23:13:00,000650,510,4,이준석 토론에서 버스버스하는데 이준석 관련주 맞나요??
관련주 맞나요,2020-05-31 22:20:00,049480,659,1,오픈이 삼성 블록체인 관련주 맞나요?
들어가도 될까요,2021-02-28 21:53:00,011200,1512,5,들어가도 될까요?
들어가도 될까요,2020-05-31 22:10:00,034220,705,7,지금 들어가도 될까요?
들어가도 될까요,2021-07-31 21:06:00,377030,787,6,지금 들어가도 될까요?
들어가도 될까요,2024-09-30 22:30:00,005930,192,2,지금들어가도 될까요 
들어가도 될까요,2020-11-30 23:16:00,340570,79,0,티앤엘 들어가도 될까요~
내일 상한가네,2020-06-30 23:48:00,018000,1477,5,내일. 상한가네...
내일 상한가네,2020-11-30 23:02:00,036030,973,2,내일 상한가네
내일 상한가네,2023-01-31 23:55:00,048410,522,4,와 내일 상한가네.
내일 상한가네,2022-03-31 23:07:00,201490,451,1,내일 상한가네
개발 기대,2020-02-29 21:47:00,011150,918,8,"이스라엘 연구소 ""몇주 안에 코로나19 백신 개발 기대"""
개발 기대,2020-02-29 22:23:00,000660,1365,2,"이스라엘 연구소 ""몇주 안에 코로나19 백신 개발 기대"""
개발 기대,2020-02-29 23:07:00,041960,882,3,몇주안에 코로나 백신 개발 기대
개발 기대,2020-02-29 22:48:00,234690,550,1,"이스라엘 연구소 ""몇주 안에 코로나19 백신 개발 기대"""
개발 기대,2025-08-31 23:00:00,080220,135,0,HBM4 개발 기대감
핵실험 임박했나,2023-09-30 21:05:00,065450,1106,4,北 7차 핵실험 임박했나...韓美日 “北 도발중단·비핵화 조치 촉구” 다자무대 첫 공동발표
핵실험 임박했나,2023-09-30 21:10:00,013810,3893,0,北 7차 핵실험 임박했나...韓美日 “北 도발중단·비핵화 조치 촉구” 다자무대 첫 공동발표
핵실험 임박했나,2023-09-30 21:11:00,010820,1002,2,北 7차 핵실험 임박했나...韓美日 “北 도발중단·비핵화 조치 촉구” 다자무대 첫 공동발표
핵실험 임박했나,2023-09-30 21:12:00,024740,230,1,北 7차 핵실험 임박했나...韓美日 “北 도발중단·비핵화 조치 촉구” 다자무대 첫 공동발표
임박했나 도발중단,2023-09-30 21:05:00,065450,1106,4,北 7차 핵실험 임박했나...韓美日 “北 도발중단·비핵화 조치 촉구” 다자무대 첫 공동발표
임박했나 도발중단,2023-09-30 21:10:00,013810,3893,0,北 7차 핵실험 임박했나...韓美日 “北 도발중단·비핵화 조치 촉구” 다자무대 첫 공동발표
임박했나 도발중단,2023-09-30 21:11:00,010820,1002,2,北 7차 핵실험 임박했나...韓美日 “北 도발중단·비핵화 조치 촉구” 다자무대 첫 공동발표
임박했나 도발중단,2023-09-30 21:12:00,024740,230,1,北 7차 핵실험 임박했나...韓美日 “北 도발중단·비핵화 조치 촉구” 다자무대 첫 공동발표
도발중단 비핵화,2023-09-30 21:05:00,065450,1106,4,北 7차 핵실험 임박했나...韓美日 “北 도발중단·비핵화 조치 촉구” 다자무대 첫 공동발표
도발중단 비핵화,2023-09-30 21:10:00,013810,3893,0,北 7차 핵실험 임박했나...韓美日 “北 도발중단·비핵화 조치 촉구” 다자무대 첫 공동발표
도발중단 비핵화,2023-09-30 21:11:00,010820,1002,2,北 7차 핵실험 임박했나...韓美日 “北 도발중단·비핵화 조치 촉구” 다자무대 첫 공동발표
도발중단 비핵화,2023-09-30 21:12:00,024740,230,1,北 7차 핵실험 임박했나...韓美日 “北 도발중단·비핵화 조치 촉구” 다자무대 첫 공동발표
비핵화 조치,2023-09-30 21:05:00,065450,1106,4,北 7차 핵실험 임박했나...韓美日 “北 도발중단·비핵화 조치 촉구” 다자무대 첫 공동발표
비핵화 조치,2023-09-30 21:10:00,013810,3893,0,北 7차 핵실험 임박했나...韓美日 “北 도발중단·비핵화 조치 촉구” 다자무대 첫 공동발표
비핵화 조치,2023-09-30 21:11:00,010820,1002,2,北 7차 핵실험 임박했나...韓美日 “北 도발중단·비핵화 조치 촉구” 다자무대 첫 공동발표
비핵화 조치,2023-09-30 21:12:00,024740,230,1,北 7차 핵실험 임박했나...韓美日 “北 도발중단·비핵화 조치 촉구” 다자무대 첫 공동발표
조치 촉구,2023-09-30 21:05:00,065450,1106,4,北 7차 핵실험 임박했나...韓美日 “北 도발중단·비핵화 조치 촉구” 다자무대 첫 공동발표
조치 촉구,2023-09-30 21:10:00,013810,3893,0,北 7차 핵실험 임박했나...韓美日 “北 도발중단·비핵화 조치 촉구” 다자무대 첫 공동발표
조치 촉구,2023-09-30 21:11:00,010820,1002,2,北 7차 핵실험 임박했나...韓美日 “北 도발중단·비핵화 조치 촉구” 다자무대 첫 공동발표
조치 촉구,2023-09-30 21:12:00,024740,230,1,北 7차 핵실험 임박했나...韓美日 “北 도발중단·비핵화 조치 촉구” 다자무대 첫 공동발표
촉구 다자무대,2023-09-30 21:05:00,065450,1106,4,北 7차 핵실험 임박했나...韓美日 “北 도발중단·비핵화 조치 촉구” 다자무대 첫 공동발표
촉구 다자무대,2023-09-30 21:10:00,013810,3893,0,北 7차 핵실험 임박했나...韓美日 “北 도발중단·비핵화 조치 촉구” 다자무대 첫 공동발표
촉구 다자무대,2023-09-30 21:11:00,010820,1002,2,北 7차 핵실험 임박했나...韓美日 “北 도발중단·비핵화 조치 촉구” 다자무대 첫 공동발표
촉구 다자무대,2023-09-30 21:12:00,024740,230,1,北 7차 핵실험 임박했나...韓美日 “北 도발중단·비핵화 조치 촉구” 다자무대 첫 공동발표
떨어지는 칼날은,2024-06-30 21:45:00,259960,499,9,떨어지는 칼날은 잡지 맙시다...
떨어지는 칼날은,2022-04-30 21:11:00,000230,632,6,언제나 떨어지는 칼날은 잡지마라. 긍정적인 생각만 갖고 투자 주의필요.
떨어지는 칼날은,2021-01-31 23:08:00,091700,1255,2,떨어지는 칼날은 잡지 않는다.
떨어지는 칼날은,2022-04-30 22:01:00,000230,188,0,언제나 떨어지는 칼날은 잡지마라. 긍정적인 생각만 갖고 투자 주의필요.
공식 트위터입니다,2021-04-30 22:24:00,084110,400,10,스푸트닝크 공식 트위터입니다.
공식 트위터입니다,2021-04-30 22:27:00,243070,374,7,스푸트닝크 공식 트위터입니다.
공식 트위터입니다,2021-04-30 23:46:00,243070,466,5,4.26일자 공식 트위터입니다
공식 트위터입니다,2021-04-30 22:42:00,084110,269,2,논란 종결 증거. 공식 트위터입니다. 
매우중요필독 화요일,2023-04-30 23:36:00,016710,575,6,(((매우중요필독))) 화요일 주가예상
매우중요필독 화요일,2023-04-30 23:37:00,004690,478,6,(((매우중요필독))) 화요일 주가예상
매우중요필독 화요일,2023-04-30 23:26:00,004360,465,6,((매우중요필독)) 화요일 주가예상
매우중요필독 화요일,2023-04-30 23:35:00,003100,415,5,(((매우중요필독))) 화요일 주가예상
화요일 주가예상,2023-04-30 23:36:00,016710,575,6,(((매우중요필독))) 화요일 주가예상
화요일 주가예상,2023-04-30 23:37:00,004690,478,6,(((매우중요필독))) 화요일 주가예상
화요일 주가예상,2023-04-30 23:26:00,004360,465,6,((매우중요필독)) 화요일 주가예상
화요일 주가예상,2023-04-30 23:35:00,003100,415,5,(((매우중요필독))) 화요일 주가예상
백신 개발,2020-09-30 21:45:00,028300,2904,12,속보>이뮤노믹 테라퓨틱스 코비드19 백신 개발 지원금 받는다
백신 개발,2020-02-29 21:47:00,011150,918,8,"이스라엘 연구소 ""몇주 안에 코로나19 백신 개발 기대"""
백신 개발,2021-11-30 22:39:00,011000,1390,3,"오미크론’ 팬데믹 공포, SK바사·진원생명과학 백신 개발 속도 낸다"
백신 개발,2020-02-29 22:23:00,000660,1365,2,"이스라엘 연구소 ""몇주 안에 코로나19 백신 개발 기대"""
백신 개발,2020-01-31 23:19:00,002720,734,4,홍콩서 1차 백신 개발
백신 개발,2020-02-29 23:07:00,041960,882,3,몇주안에 코로나 백신 개발 기대
백신 개발,2020-01-31 22:54:00,043200,758,3,홍콩에서 1차 백신 개발 햇단다
백신 개발,2020-12-31 21:51:00,068270,546,4,결국 코로나 백신 개발 못하고 빤스런
백신 개발,2020-12-31 21:53:00,068270,577,3,샐트가 백신 개발하든 못하든
백신 개발,2020-12-31 22:12:00,068270,564,2,세계최초로 백신 개발하겟다매? ㅋㅋㅋ
우보천리 대박뉴스,2020-12-31 23:52:00,019170,1349,53,《신풍제약 우보천리 대박뉴스》
우보천리 대박뉴스,2021-10-31 22:52:00,019170,1231,14,《신풍제약 우보천리 대박뉴스》
우보천리 대박뉴스,2022-01-31 22:12:00,019170,1252,12,《신풍제약 우보천리 대박뉴스》
우보천리 대박뉴스,2020-10-31 23:00:00,019170,1410,9,《신풍제약 우보천리 대박뉴스》
우보천리 대박뉴스,2020-12-31 23:13:00,019170,904,12,《신풍제약 우보천리 대박뉴스》
우보천리 대박뉴스,2023-08-31 23:21:00,019170,643,16,《신풍제약 우보천리 대박뉴스》
우보천리 대박뉴스,2020-08-31 23:17:00,019170,1105,8,《신풍제약 우보천리 대박뉴스》
우보천리 대박뉴스,2020-11-30 23:14:00,019170,738,6,《신풍제약 우보천리 대박뉴스》
우보천리 대박뉴스,2023-03-31 23:57:00,019170,627,6, 《신풍 우보천리 대박뉴스》
우보천리 대박뉴스,2020-08-31 22:59:00,019170,844,3,《신풍제약 우보천리 대박뉴스》
램시마 코로나 영국임상,2020-10-31 21:48:00,068270,1190,4,●램시마 코로나 영국임상 결과 논문 실리네
램시마 코로나 영국임상,2020-10-31 22:01:00,068270,1315,3,●램시마 코로나 영국임상 결과 논문 실리네
램시마 코로나 영국임상,2020-10-31 23:19:00,068270,1604,2,●램시마 코로나 영국임상 결과 논문 실리네!!!
램시마 코로나 영국임상,2020-10-31 21:28:00,068270,1140,2,●램시마 코로나 영국임상 결과 논문 실리네
코로나 영국임상 결과,2020-10-31 21:48:00,068270,1190,4,●램시마 코로나 영국임상 결과 논문 실리네
코로나 영국임상 결과,2020-10-31 22:01:00,068270,1315,3,●램시마 코로나 영국임상 결과 논문 실리네
코로나 영국임상 결과,2020-10-31 23:19:00,068270,1604,2,●램시마 코로나 영국임상 결과 논문 실리네!!!
코로나 영국임상 결과,2020-10-31 21:28:00,068270,1140,2,●램시마 코로나 영국임상 결과 논문 실리네
영국임상 결과 논문,2020-10-31 21:48:00,068270,1190,4,●램시마 코로나 영국임상 결과 논문 실리네
영국임상 결과 논문,2020-10-31 22:01:00,068270,1315,3,●램시마 코로나 영국임상 결과 논문 실리네
영국임상 결과 논문,2020-10-31 23:19:00,068270,1604,2,●램시마 코로나 영국임상 결과 논문 실리네!!!
영국임상 결과 논문,2020-10-31 21:28:00,068270,1140,2,●램시마 코로나 영국임상 결과 논문 실리네
결과 논문 실리네,2020-10-31 21:48:00,068270,1190,4,●램시마 코로나 영국임상 결과 논문 실리네
결과 논문 실리네,2020-10-31 22:01:00,068270,1315,3,●램시마 코로나 영국임상 결과 논문 실리네
결과 논문 실리네,2020-10-31 23:19:00,068270,1604,2,●램시마 코로나 영국임상 결과 논문 실리네!!!
결과 논문 실리네,2020-10-31 21:28:00,068270,1140,2,●램시마 코로나 영국임상 결과 논문 실리네
의사파업 지지 청원,2020-08-31 23:51:00,035720,664,20,의사파업 지지 청원
의사파업 지지 청원,2020-08-31 23:49:00,019170,244,15,의사파업 지지 청원
의사파업 지지 청원,2020-08-31 23:48:00,011000,347,7,의사파업 지지 청원
염승환 이사님이 엔터주는,2023-08-31 23:42:00,352820,719,12,염승환 이사님이 엔터주는 먹을게 없대요
염승환 이사님이 엔터주는,2023-08-31 23:40:00,035900,726,9,염승환 이사님이 엔터주는 먹을 게 없대요.
염승환 이사님이 엔터주는,2023-08-31 23:44:00,041510,1330,4,염승환 이사님이 엔터주는 먹을 게 없대요
원재료 50 수입,2020-02-29 23:53:00,096530,681,8,원재료 50% 수입. 국내꺼를 늘린다?
원재료 50 수입,2020-02-29 23:45:00,096530,511,7,원재료 50% 수입이라는데도 ㄱ ㅐ 소리들만 하네.
원재료 50 수입,2020-02-29 23:19:00,096530,651,4,원재료 50% 수입 전자공시보고
원재료 50 수입,2020-02-29 23:25:00,096530,530,5,원재료 50%수입 어디냐? 로슈면 그야말로 악재.
속보 g20서 한국,2021-10-31 21:55:00,052690,967,5,"[속보] 文, G20서 ""한국 2050년까지 석탄발전 전면 폐기"""
속보 g20서 한국,2021-10-31 21:51:00,130660,779,4,"[속보] 文, G20서 ""한국 2050년까지 석탄발전 전면 폐기"""
속보 g20서 한국,2021-10-31 21:56:00,034020,1482,1,"[속보] 文, G20서 ""한국 2050년까지 석탄발전 전면 폐기"""
g20서 한국 2050년까지,2021-10-31 21:55:00,052690,967,5,"[속보] 文, G20서 ""한국 2050년까지 석탄발전 전면 폐기"""
g20서 한국 2050년까지,2021-10-31 21:51:00,130660,779,4,"[속보] 文, G20서 ""한국 2050년까지 석탄발전 전면 폐기"""
g20서 한국 2050년까지,2021-10-31 21:56:00,034020,1482,1,"[속보] 文, G20서 ""한국 2050년까지 석탄발전 전면 폐기"""
한국 2050년까지 석탄발전,2021-10-31 21:55:00,052690,967,5,"[속보] 文, G20서 ""한국 2050년까지 석탄발전 전면 폐기"""
한국 2050년까지 석탄발전,2021-10-31 21:51:00,130660,779,4,"[속보] 文, G20서 ""한국 2050년까지 석탄발전 전면 폐기"""
한국 2050년까지 석탄발전,2021-10-31 21:56:00,034020,1482,1,"[속보] 文, G20서 ""한국 2050년까지 석탄발전 전면 폐기"""
2050년까지 석탄발전 전면,2021-10-31 21:55:00,052690,967,5,"[속보] 文, G20서 ""한국 2050년까지 석탄발전 전면 폐기"""
2050년까지 석탄발전 전면,2021-10-31 21:51:00,130660,779,4,"[속보] 文, G20서 ""한국 2050년까지 석탄발전 전면 폐기"""
2050년까지 석탄발전 전면,2021-10-31 21:56:00,034020,1482,1,"[속보] 文, G20서 ""한국 2050년까지 석탄발전 전면 폐기"""
석탄발전 전면 폐기,2021-10-31 21:55:00,052690,967,5,"[속보] 文, G20서 ""한국 2050년까지 석탄발전 전면 폐기"""
석탄발전 전면 폐기,2021-10-31 21:51:00,130660,779,4,"[속보] 文, G20서 ""한국 2050년까지 석탄발전 전면 폐기"""
석탄발전 전면 폐기,2021-10-31 21:56:00,034020,1482,1,"[속보] 文, G20서 ""한국 2050년까지 석탄발전 전면 폐기"""
한국거래소 신종코로나 관련,2020-01-31 22:45:00,012690,856,5,"한국거래소, '신종코로나' 관련株 집중 모니터링 "
한국거래소 신종코로나 관련,2020-01-31 22:44:00,045060,695,3,"한국거래소, '신종코로나' 관련株 집중 모니터링 "
한국거래소 신종코로나 관련,2020-01-31 22:46:00,011000,869,2,"한국거래소, '신종코로나' 관련株 집중 모니터링 "
신종코로나 관련 집중,2020-01-31 22:45:00,012690,856,5,"한국거래소, '신종코로나' 관련株 집중 모니터링 "
신종코로나 관련 집중,2020-01-31 22:44:00,045060,695,3,"한국거래소, '신종코로나' 관련株 집중 모니터링 "
신종코로나 관련 집중,2020-01-31 22:46:00,011000,869,2,"한국거래소, '신종코로나' 관련株 집중 모니터링 "
관련 집중 모니터링,2020-01-31 22:45:00,012690,856,5,"한국거래소, '신종코로나' 관련株 집중 모니터링 "
관련 집중 모니터링,2020-01-31 22:44:00,045060,695,3,"한국거래소, '신종코로나' 관련株 집중 모니터링 "
관련 집중 모니터링,2020-01-31 22:46:00,011000,869,2,"한국거래소, '신종코로나' 관련株 집중 모니터링 "
올해 주식 매수한,2021-01-31 23:13:00,009830,1856,9,올해 주식 매수한 사람들은 다 좃됐네요
올해 주식 매수한,2021-01-31 23:29:00,005935,1386,8,올해 주식 매수한 사람들은 다 좃됐네요
올해 주식 매수한,2021-01-31 22:56:00,000270,1395,6,올해 주식 매수한 사람들은 다 좃됐네요
올해 주식 매수한,2021-01-31 22:46:00,012330,1377,4,올해 주식 매수한 사람들은 다 좃됐네요
올해 주식 매수한,2021-01-31 23:05:00,000660,1519,3,올해 주식 매수한 사람들은 다 좃됐네요
올해 주식 매수한,2021-01-31 22:48:00,051910,1430,3,올해 주식 매수한 사람들은 다 좃됐네요
올해 주식 매수한,2021-01-31 22:54:00,005380,1123,4,올해 주식 매수한 사람들은 다 좃됐네요
올해 주식 매수한,2021-01-31 23:03:00,066570,1225,3,올해 주식 매수한 사람들은 다 좃됐네요
올해 주식 매수한,2021-01-31 23:06:00,006400,879,3,올해 주식 매수한 사람들은 다 좃됐네요
올해 주식 매수한,2021-01-31 23:27:00,005385,787,3,올해 주식 매수한 사람들은 다 좃됐네요
주식 매수한 사람들은,2021-01-31 23:13:00,009830,1856,9,올해 주식 매수한 사람들은 다 좃됐네요
주식 매수한 사람들은,2021-01-31 23:29:00,005935,1386,8,올해 주식 매수한 사람들은 다 좃됐네요
주식 매수한 사람들은,2021-01-31 22:56:00,000270,1395,6,올해 주식 매수한 사람들은 다 좃됐네요
주식 매수한 사람들은,2021-01-31 22:46:00,012330,1377,4,올해 주식 매수한 사람들은 다 좃됐네요
주식 매수한 사람들은,2021-01-31 23:05:00,000660,1519,3,올해 주식 매수한 사람들은 다 좃됐네요
주식 매수한 사람들은,2021-01-31 22:48:00,051910,1430,3,올해 주식 매수한 사람들은 다 좃됐네요
주식 매수한 사람들은,2021-01-31 22:54:00,005380,1123,4,올해 주식 매수한 사람들은 다 좃됐네요
주식 매수한 사람들은,2021-01-31 23:03:00,066570,1225,3,올해 주식 매수한 사람들은 다 좃됐네요
주식 매수한 사람들은,2021-01-31 23:06:00,006400,879,3,올해 주식 매수한 사람들은 다 좃됐네요
주식 매수한 사람들은,2021-01-31 23:27:00,005385,787,3,올해 주식 매수한 사람들은 다 좃됐네요
백신 개발 기대,2020-02-29 21:47:00,011150,918,8,"이스라엘 연구소 ""몇주 안에 코로나19 백신 개발 기대"""
백신 개발 기대,2020-02-29 22:23:00,000660,1365,2,"이스라엘 연구소 ""몇주 안에 코로나19 백신 개발 기대"""
백신 개발 기대,2020-02-29 23:07:00,041960,882,3,몇주안에 코로나 백신 개발 기대
백신 개발 기대,2020-02-29 22:48:00,234690,550,1,"이스라엘 연구소 ""몇주 안에 코로나19 백신 개발 기대"""
7차 핵실험 임박했나,2023-09-30 21:05:00,065450,1106,4,北 7차 핵실험 임박했나...韓美日 “北 도발중단·비핵화 조치 촉구” 다자무대 첫 공동발표
7차 핵실험 임박했나,2023-09-30 21:10:00,013810,3893,0,北 7차 핵실험 임박했나...韓美日 “北 도발중단·비핵화 조치 촉구” 다자무대 첫 공동발표
7차 핵실험 임박했나,2023-09-30 21:11:00,010820,1002,2,北 7차 핵실험 임박했나...韓美日 “北 도발중단·비핵화 조치 촉구” 다자무대 첫 공동발표
7차 핵실험 임박했나,2023-09-30 21:12:00,024740,230,1,北 7차 핵실험 임박했나...韓美日 “北 도발중단·비핵화 조치 촉구” 다자무대 첫 공동발표
핵실험 임박했나 도발중단,2023-09-30 21:05:00,065450,1106,4,北 7차 핵실험 임박했나...韓美日 “北 도발중단·비핵화 조치 촉구” 다자무대 첫 공동발표
핵실험 임박했나 도발중단,2023-09-30 21:10:00,013810,3893,0,北 7차 핵실험 임박했나...韓美日 “北 도발중단·비핵화 조치 촉구” 다자무대 첫 공동발표
핵실험 임박했나 도발중단,2023-09-30 21:11:00,010820,1002,2,北 7차 핵실험 임박했나...韓美日 “北 도발중단·비핵화 조치 촉구” 다자무대 첫 공동발표
핵실험 임박했나 도발중단,2023-09-30 21:12:00,024740,230,1,北 7차 핵실험 임박했나...韓美日 “北 도발중단·비핵화 조치 촉구” 다자무대 첫 공동발표
임박했나 도발중단 비핵화,2023-09-30 21:05:00,065450,1106,4,北 7차 핵실험 임박했나...韓美日 “北 도발중단·비핵화 조치 촉구” 다자무대 첫 공동발표
임박했나 도발중단 비핵화,2023-09-30 21:10:00,013810,3893,0,北 7차 핵실험 임박했나...韓美日 “北 도발중단·비핵화 조치 촉구” 다자무대 첫 공동발표
임박했나 도발중단 비핵화,2023-09-30 21:11:00,010820,1002,2,北 7차 핵실험 임박했나...韓美日 “北 도발중단·비핵화 조치 촉구” 다자무대 첫 공동발표
임박했나 도발중단 비핵화,2023-09-30 21:12:00,024740,230,1,北 7차 핵실험 임박했나...韓美日 “北 도발중단·비핵화 조치 촉구” 다자무대 첫 공동발표
도발중단 비핵화 조치,2023-09-30 21:05:00,065450,1106,4,北 7차 핵실험 임박했나...韓美日 “北 도발중단·비핵화 조치 촉구” 다자무대 첫 공동발표
도발중단 비핵화 조치,2023-09-30 21:10:00,013810,3893,0,北 7차 핵실험 임박했나...韓美日 “北 도발중단·비핵화 조치 촉구” 다자무대 첫 공동발표
도발중단 비핵화 조치,2023-09-30 21:11:00,010820,1002,2,北 7차 핵실험 임박했나...韓美日 “北 도발중단·비핵화 조치 촉구” 다자무대 첫 공동발표
도발중단 비핵화 조치,2023-09-30 21:12:00,024740,230,1,北 7차 핵실험 임박했나...韓美日 “北 도발중단·비핵화 조치 촉구” 다자무대 첫 공동발표
비핵화 조치 촉구,2023-09-30 21:05:00,065450,1106,4,北 7차 핵실험 임박했나...韓美日 “北 도발중단·비핵화 조치 촉구” 다자무대 첫 공동발표
비핵화 조치 촉구,2023-09-30 21:10:00,013810,3893,0,北 7차 핵실험 임박했나...韓美日 “北 도발중단·비핵화 조치 촉구” 다자무대 첫 공동발표
비핵화 조치 촉구,2023-09-30 21:11:00,010820,1002,2,北 7차 핵실험 임박했나...韓美日 “北 도발중단·비핵화 조치 촉구” 다자무대 첫 공동발표
비핵화 조치 촉구,2023-09-30 21:12:00,024740,230,1,北 7차 핵실험 임박했나...韓美日 “北 도발중단·비핵화 조치 촉구” 다자무대 첫 공동발표
조치 촉구 다자무대,2023-09-30 21:05:00,065450,1106,4,北 7차 핵실험 임박했나...韓美日 “北 도발중단·비핵화 조치 촉구” 다자무대 첫 공동발표
조치 촉구 다자무대,2023-09-30 21:10:00,013810,3893,0,北 7차 핵실험 임박했나...韓美日 “北 도발중단·비핵화 조치 촉구” 다자무대 첫 공동발표
조치 촉구 다자무대,2023-09-30 21:11:00,010820,1002,2,北 7차 핵실험 임박했나...韓美日 “北 도발중단·비핵화 조치 촉구” 다자무대 첫 공동발표
조치 촉구 다자무대,2023-09-30 21:12:00,024740,230,1,北 7차 핵실험 임박했나...韓美日 “北 도발중단·비핵화 조치 촉구” 다자무대 첫 공동발표
매우중요필독 화요일 주가예상,2023-04-30 23:36:00,016710,575,6,(((매우중요필독))) 화요일 주가예상
매우중요필독 화요일 주가예상,2023-04-30 23:37:00,004690,478,6,(((매우중요필독))) 화요일 주가예상
매우중요필독 화요일 주가예상,2023-04-30 23:26:00,004360,465,6,((매우중요필독)) 화요일 주가예상
매우중요필독 화요일 주가예상,2023-04-30 23:35:00,003100,415,5,(((매우중요필독))) 화요일 주가예상
신풍제약 우보천리 대박뉴스,2020-12-31 23:52:00,019170,1349,53,《신풍제약 우보천리 대박뉴스》
신풍제약 우보천리 대박뉴스,2021-10-31 22:52:00,019170,1231,14,《신풍제약 우보천리 대박뉴스》
신풍제약 우보천리 대박뉴스,2022-01-31 22:12:00,019170,1252,12,《신풍제약 우보천리 대박뉴스》
신풍제약 우보천리 대박뉴스,2020-10-31 23:00:00,019170,1410,9,《신풍제약 우보천리 대박뉴스》
신풍제약 우보천리 대박뉴스,2020-12-31 23:13:00,019170,904,12,《신풍제약 우보천리 대박뉴스》
신풍제약 우보천리 대박뉴스,2023-08-31 23:21:00,019170,643,16,《신풍제약 우보천리 대박뉴스》
신풍제약 우보천리 대박뉴스,2020-08-31 23:17:00,019170,1105,8,《신풍제약 우보천리 대박뉴스》
신풍제약 우보천리 대박뉴스,2020-11-30 23:14:00,019170,738,6,《신풍제약 우보천리 대박뉴스》
신풍제약 우보천리 대박뉴스,2020-08-31 22:59:00,019170,844,3,《신풍제약 우보천리 대박뉴스》
신풍제약 우보천리 대박뉴스,2020-05-31 23:29:00,019170,1167,0,《신풍제약 우보천리 대박뉴스》
시간외 상한가 7종목,2023-12-31 23:41:00,044380,3087,2,시간외 상한가 7종목
시간외 상한가 7종목,2023-12-31 23:42:00,021050,1360,2,시간외 상한가 7종목
시간외 상한가 7종목,2023-12-31 23:40:00,004270,997,3,시간외 상한가 7종목
시간외 상한가 7종목,2023-12-31 23:37:00,091590,720,3,시간외 상한가 7종목
시간외 상한가 7종목,2023-12-31 23:35:00,026940,609,3,시간외 상한가 7종목
시간외 상한가 7종목,2023-12-31 23:38:00,002410,868,1,시간외 상한가 7종목
안녕하세요 휴마시스 주주입니다,2020-07-31 23:18:00,205470,2655,13,안녕하세요. 휴마시스 주주입니다. 오늘 분석 해드립니다.
안녕하세요 휴마시스 주주입니다,2021-01-31 22:45:00,205470,1377,10,안녕하세요. 휴마시스 주주입니다.
안녕하세요 휴마시스 주주입니다,2020-08-31 23:14:00,205470,692,1,안녕하세요 휴마시스 주주입니다 이분
신풍 고점 시총,2020-10-31 22:02:00,042040,1492,13,신풍 고점 시총 11조.. 휴머니젠 8천억
신풍 고점 시총,2020-10-31 22:21:00,200230,670,6,신풍 고점 시총 11조.. 휴머니젠 8천억
신풍 고점 시총,2020-10-31 23:21:00,200230,225,1,신풍 고점 시총 11조.. 휴머니젠 8천억
고점 시총 11조,2020-10-31 22:02:00,042040,1492,13,신풍 고점 시총 11조.. 휴머니젠 8천억
고점 시총 11조,2020-10-31 22:21:00,200230,670,6,신풍 고점 시총 11조.. 휴머니젠 8천억
고점 시총 11조,2020-10-31 23:21:00,200230,225,1,신풍 고점 시총 11조.. 휴머니젠 8천억
시총 11조 휴머니젠,2020-10-31 22:02:00,042040,1492,13,신풍 고점 시총 11조.. 휴머니젠 8천억
시총 11조 휴머니젠,2020-10-31 22:21:00,200230,670,6,신풍 고점 시총 11조.. 휴머니젠 8천억
시총 11조 휴머니젠,2020-10-31 23:21:00,200230,225,1,신풍 고점 시총 11조.. 휴머니젠 8천억
11조 휴머니젠 8천억,2020-10-31 22:02:00,042040,1492,13,신풍 고점 시총 11조.. 휴머니젠 8천억
11조 휴머니젠 8천억,2020-10-31 22:21:00,200230,670,6,신풍 고점 시총 11조.. 휴머니젠 8천억
11조 휴머니젠 8천억,2020-10-31 23:21:00,200230,225,1,신풍 고점 시총 11조.. 휴머니젠 8천억
이스라엘 연구소 몇주,2020-02-29 21:47:00,011150,918,8,"이스라엘 연구소 ""몇주 안에 코로나19 백신 개발 기대"""
이스라엘 연구소 몇주,2020-02-29 22:23:00,000660,1365,2,"이스라엘 연구소 ""몇주 안에 코로나19 백신 개발 기대"""
이스라엘 연구소 몇주,2020-02-29 22:48:00,234690,550,1,"이스라엘 연구소 ""몇주 안에 코로나19 백신 개발 기대"""
연구소 몇주 안에,2020-02-29 21:47:00,011150,918,8,"이스라엘 연구소 ""몇주 안에 코로나19 백신 개발 기대"""
연구소 몇주 안에,2020-02-29 22:23:00,000660,1365,2,"이스라엘 연구소 ""몇주 안에 코로나19 백신 개발 기대"""
연구소 몇주 안에,2020-02-29 22:48:00,234690,550,1,"이스라엘 연구소 ""몇주 안에 코로나19 백신 개발 기대"""
몇주 안에 코로나19,2020-02-29 21:47:00,011150,918,8,"이스라엘 연구소 ""몇주 안에 코로나19 백신 개발 기대"""
몇주 안에 코로나19,2020-02-29 22:23:00,000660,1365,2,"이스라엘 연구소 ""몇주 안에 코로나19 백신 개발 기대"""
몇주 안에 코로나19,2020-02-29 22:48:00,234690,550,1,"이스라엘 연구소 ""몇주 안에 코로나19 백신 개발 기대"""
안에 코로나19 백신,2020-02-29 21:47:00,011150,918,8,"이스라엘 연구소 ""몇주 안에 코로나19 백신 개발 기대"""
안에 코로나19 백신,2020-02-29 22:23:00,000660,1365,2,"이스라엘 연구소 ""몇주 안에 코로나19 백신 개발 기대"""
안에 코로나19 백신,2020-02-29 22:48:00,234690,550,1,"이스라엘 연구소 ""몇주 안에 코로나19 백신 개발 기대"""
코로나19 백신 개발,2020-02-29 21:47:00,011150,918,8,"이스라엘 연구소 ""몇주 안에 코로나19 백신 개발 기대"""
코로나19 백신 개발,2020-02-29 22:23:00,000660,1365,2,"이스라엘 연구소 ""몇주 안에 코로나19 백신 개발 기대"""
코로나19 백신 개발,2020-02-29 22:48:00,234690,550,1,"이스라엘 연구소 ""몇주 안에 코로나19 백신 개발 기대"""
26년 주가 전망,2025-12-31 23:31:00,307950,1623,4,오토에버 26년 주가 전망
26년 주가 전망,2025-12-31 23:13:00,108490,942,4,로보티즈 26년 주가 전망
26년 주가 전망,2025-12-31 23:25:00,066970,702,2,엘앤에프 26년 주가 전망
속보 이스라엘 레바논서,2024-09-30 23:41:00,024060,1875,2,"[속보] ""이스라엘, 레바논서 제한적 지상전 계획 중…곧 시작"""
속보 이스라엘 레바논서,2024-09-30 23:42:00,003280,1883,1,"[속보] ""이스라엘, 레바논서 제한적 지상전 계획 중…곧 시작"""
속보 이스라엘 레바논서,2024-09-30 23:39:00,465770,1763,0,"[속보] ""이스라엘, 레바논서 제한적 지상전 계획 중…곧 시작"""
이스라엘 레바논서 제한적,2024-09-30 23:41:00,024060,1875,2,"[속보] ""이스라엘, 레바논서 제한적 지상전 계획 중…곧 시작"""
이스라엘 레바논서 제한적,2024-09-30 23:42:00,003280,1883,1,"[속보] ""이스라엘, 레바논서 제한적 지상전 계획 중…곧 시작"""
이스라엘 레바논서 제한적,2024-09-30 23:39:00,465770,1763,0,"[속보] ""이스라엘, 레바논서 제한적 지상전 계획 중…곧 시작"""
레바논서 제한적 지상전,2024-09-30 23:41:00,024060,1875,2,"[속보] ""이스라엘, 레바논서 제한적 지상전 계획 중…곧 시작"""
레바논서 제한적 지상전,2024-09-30 23:42:00,003280,1883,1,"[속보] ""이스라엘, 레바논서 제한적 지상전 계획 중…곧 시작"""
레바논서 제한적 지상전,2024-09-30 23:39:00,465770,1763,0,"[속보] ""이스라엘, 레바논서 제한적 지상전 계획 중…곧 시작"""
제한적 지상전 계획,2024-09-30 23:41:00,024060,1875,2,"[속보] ""이스라엘, 레바논서 제한적 지상전 계획 중…곧 시작"""
제한적 지상전 계획,2024-09-30 23:42:00,003280,1883,1,"[속보] ""이스라엘, 레바논서 제한적 지상전 계획 중…곧 시작"""
제한적 지상전 계획,2024-09-30 23:39:00,465770,1763,0,"[속보] ""이스라엘, 레바논서 제한적 지상전 계획 중…곧 시작"""
개미들 보거라 형이다,2020-10-31 21:30:00,068270,990,4,개미들  보거라  형이다
개미들 보거라 형이다,2021-12-31 20:27:00,068270,877,2,개미들  보거라  형이다
개미들 보거라 형이다,2020-10-31 21:38:00,068270,918,0,개미들  보거라  형이다
중국아픔이 우리아픔 쩝쩝,2020-02-29 23:14:00,242040,603,7,문재앙 중국아픔이 우리아픔 쩝쩝
중국아픔이 우리아픔 쩝쩝,2020-02-29 23:21:00,122630,1157,2,문재인 중국아픔이 우리아픔   쩝쩝
중국아픔이 우리아픔 쩝쩝,2020-02-29 23:19:00,114800,347,1,문재앙 중국아픔이 우리아픔  쩝쩝
플랫폼 act 액트,2023-12-31 21:16:00,024810,1553,2,● 주주행동 플랫폼 ACT(액트)
플랫폼 act 액트,2023-12-31 21:25:00,096040,448,5,●주주행돔 플랫폼 ACT(액트) 로 여러분을 초대합니다
플랫폼 act 액트,2023-12-31 21:32:00,093230,300,5,● 주주행동 플랫폼 ACT(액트)로 여러분을 초대합니다
잡것들 딴데가서 놀아라,2020-12-31 22:38:00,015760,1408,2,ㅋㅋㅋㅋㅋㅋㅋ잡것들 딴데가서  놀아라~~~!
잡것들 딴데가서 놀아라,2020-12-31 22:08:00,015760,1289,1,ㅋㅋㅋㅋㅋㅋㅋ잡것들 딴데가서  놀아라~~~!
잡것들 딴데가서 놀아라,2020-12-31 22:20:00,005930,502,0,ㅋㅋㅋㅋㅋㅋㅋ잡것들 딴데가서  놀아라~~~!
담주 월장 쩜상달리것네,2020-09-30 21:44:00,019170,619,5,담주 월장 쩜상달리것네
담주 월장 쩜상달리것네,2020-09-30 22:17:00,019170,692,3,담주 월장 쩜상달리것네
담주 월장 쩜상달리것네,2020-09-30 22:26:00,019170,144,0,담주 월장 쩜상달리것네
코로나 백신 개발,2020-02-29 23:07:00,041960,882,3,몇주안에 코로나 백신 개발 기대
코로나 백신 개발,2020-12-31 21:51:00,068270,546,4,결국 코로나 백신 개발 못하고 빤스런
코로나 백신 개발,2021-05-31 23:25:00,183490,140,0,토종 코로나 백신 개발 수월해지나
주주행동 플랫폼 act로,2023-11-30 23:29:00,024810,682,4,● 주주행동 플랫폼 ACT로 주주여러분을 초대합니다
주주행동 플랫폼 act로,2023-11-30 23:39:00,096040,345,7,● 주주행동 플랫폼 ACT로 여러분을 초대합니다
주주행동 플랫폼 act로,2023-11-30 23:22:00,093230,257,3,● 주주행동 플랫폼 ACT로 여러분을 초대합니다
주식양도세 글이 길지만,2020-06-30 23:45:00,060150,474,6,주식양도세(글이 길지만 부탁드립니다)
주식양도세 글이 길지만,2020-06-30 23:46:00,009830,624,4,주식양도세(글이 길지만 부탁드립니다)
주식양도세 글이 길지만,2020-06-30 23:50:00,079160,373,1,주식양도세(글이 길지만 부탁드립니다)
글이 길지만 부탁드립니다,2020-06-30 23:45:00,060150,474,6,주식양도세(글이 길지만 부탁드립니다)
글이 길지만 부탁드립니다,2020-06-30 23:46:00,009830,624,4,주식양도세(글이 길지만 부탁드립니다)
글이 길지만 부탁드립니다,2020-06-30 23:50:00,079160,373,1,주식양도세(글이 길지만 부탁드립니다)
하락 네이버 관련주,2024-02-29 23:16:00,236810,1517,1,엔비티 하락.. 네이버 관련주 주가 하락 언제까지?? 근본원인
하락 네이버 관련주,2024-02-29 23:19:00,417860,1464,1,오브젠 하락.. 네이버 관련주 주가 하락 요인 체크
하락 네이버 관련주,2024-02-29 23:20:00,084440,968,1,유비온 하락.. 네이버 관련주 주가하락요인 체크해
이재용 회장 꿈의,2023-02-28 22:18:00,059270,1995,3,이재용 회장 '꿈의 배터리'도 챙겼다…삼성SDI 깜짝 방문
이재용 회장 꿈의,2023-02-28 22:23:00,264850,3073,1,이재용 회장 '꿈의 배터리'도 챙겼다…삼성SDI 깜짝 방문
이재용 회장 꿈의,2023-02-28 22:20:00,056080,1055,2,이재용 회장 '꿈의 배터리'도 챙겼다…삼성SDI 깜짝 방문
이재용 회장 꿈의,2023-02-28 22:17:00,388720,667,0,이재용 회장 '꿈의 배터리'도 챙겼다…삼성SDI 깜짝 방문
이재용 회장 꿈의,2023-02-28 22:22:00,317830,657,0,이재용 회장 '꿈의 배터리'도 챙겼다…삼성SDI 깜짝 방문
회장 꿈의 배터리,2023-02-28 22:18:00,059270,1995,3,이재용 회장 '꿈의 배터리'도 챙겼다…삼성SDI 깜짝 방문
회장 꿈의 배터리,2023-02-28 22:23:00,264850,3073,1,이재용 회장 '꿈의 배터리'도 챙겼다…삼성SDI 깜짝 방문
회장 꿈의 배터리,2023-02-28 22:20:00,056080,1055,2,이재용 회장 '꿈의 배터리'도 챙겼다…삼성SDI 깜짝 방문
회장 꿈의 배터리,2023-02-28 22:17:00,388720,667,0,이재용 회장 '꿈의 배터리'도 챙겼다…삼성SDI 깜짝 방문
회장 꿈의 배터리,2023-02-28 22:22:00,317830,657,0,이재용 회장 '꿈의 배터리'도 챙겼다…삼성SDI 깜짝 방문
